"site","site_id","duration","dist","Z","absZ","acceptable"
"WISHON MAIN","CA00411","24h","gev",-0.408,0.408,TRUE
"WISHON MAIN","CA00411","24h","gno",-1.463,1.463,TRUE
"WISHON MAIN","CA00411","24h","glo",2.376,2.376,FALSE
"WISHON MAIN","CA00411","24h","pe3",-3.435,3.435,FALSE
"WISHON MAIN","CA00411","24h","gpa",-7.19,7.19,FALSE
"WISHON MAIN","CA00411","72h","gev",-1.033,1.033,TRUE
"WISHON MAIN","CA00411","72h","glo",1.707,1.707,FALSE
"WISHON MAIN","CA00411","72h","gno",-2.319,2.319,FALSE
"WISHON MAIN","CA00411","72h","pe3",-4.654,4.654,FALSE
"WISHON MAIN","CA00411","72h","gpa",-7.904,7.904,FALSE
"LAKE FRANCES EAST DAM","MT01125","24h","gev",0.279,0.279,TRUE
"LAKE FRANCES EAST DAM","MT01125","24h","gno",-0.951,0.951,TRUE
"LAKE FRANCES EAST DAM","MT01125","24h","pe3",-3.385,3.385,FALSE
"LAKE FRANCES EAST DAM","MT01125","24h","glo",4.621,4.621,FALSE
"LAKE FRANCES EAST DAM","MT01125","24h","gpa",-9.958,9.958,FALSE
"LAKE FRANCES EAST DAM","MT01125","72h","gev",-0.233,0.233,TRUE
"LAKE FRANCES EAST DAM","MT01125","72h","gno",-1.541,1.541,TRUE
"LAKE FRANCES EAST DAM","MT01125","72h","glo",3.669,3.669,FALSE
"LAKE FRANCES EAST DAM","MT01125","72h","pe3",-4.038,4.038,FALSE
"LAKE FRANCES EAST DAM","MT01125","72h","gpa",-9.602,9.602,FALSE
"LIMA","MT00905","24h","glo",1.729,1.729,FALSE
"LIMA","MT00905","24h","gev",-2.537,2.537,FALSE
"LIMA","MT00905","24h","gno",-3.183,3.183,FALSE
"LIMA","MT00905","24h","pe3",-4.76,4.76,FALSE
"LIMA","MT00905","24h","gpa",-12.11,12.11,FALSE
"LIMA","MT00905","72h","glo",2.256,2.256,FALSE
"LIMA","MT00905","72h","gev",-2.732,2.732,FALSE
"LIMA","MT00905","72h","gno",-2.969,2.969,FALSE
"LIMA","MT00905","72h","pe3",-4.136,4.136,FALSE
"LIMA","MT00905","72h","gpa",-13.445,13.445,FALSE
"CALAVERAS","CA00126","24h","gev",-0.438,0.438,TRUE
"CALAVERAS","CA00126","24h","gno",-1.067,1.067,TRUE
"CALAVERAS","CA00126","24h","pe3",-2.415,2.415,FALSE
"CALAVERAS","CA00126","24h","glo",2.509,2.509,FALSE
"CALAVERAS","CA00126","24h","gpa",-7.212,7.212,FALSE
"CALAVERAS","CA00126","72h","glo",1.075,1.075,TRUE
"CALAVERAS","CA00126","72h","gev",-1.329,1.329,TRUE
"CALAVERAS","CA00126","72h","gno",-1.988,1.988,FALSE
"CALAVERAS","CA00126","72h","pe3",-3.303,3.303,FALSE
"CALAVERAS","CA00126","72h","gpa",-6.979,6.979,FALSE
"CROOKED CREEK DAM","PA00102","24h","gev",-0.637,0.637,TRUE
"CROOKED CREEK DAM","PA00102","24h","gno",-1.565,1.565,TRUE
"CROOKED CREEK DAM","PA00102","24h","glo",1.962,1.962,FALSE
"CROOKED CREEK DAM","PA00102","24h","pe3",-3.314,3.314,FALSE
"CROOKED CREEK DAM","PA00102","24h","gpa",-6.923,6.923,FALSE
"CROOKED CREEK DAM","PA00102","72h","gno",-0.07,0.07,TRUE
"CROOKED CREEK DAM","PA00102","72h","gev",0.803,0.803,TRUE
"CROOKED CREEK DAM","PA00102","72h","pe3",-1.822,1.822,FALSE
"CROOKED CREEK DAM","PA00102","72h","glo",4.048,4.048,FALSE
"CROOKED CREEK DAM","PA00102","72h","gpa",-6.809,6.809,FALSE
"ROCK ISLAND","WA00084","24h","gev",-1.179,1.179,TRUE
"ROCK ISLAND","WA00084","24h","gno",-2.116,2.116,FALSE
"ROCK ISLAND","WA00084","24h","glo",2.823,2.823,FALSE
"ROCK ISLAND","WA00084","24h","pe3",-4.067,4.067,FALSE
"ROCK ISLAND","WA00084","24h","gpa",-10.448,10.448,FALSE
"ROCK ISLAND","WA00084","72h","gev",-1.484,1.484,TRUE
"ROCK ISLAND","WA00084","72h","gno",-2.172,2.172,FALSE
"ROCK ISLAND","WA00084","72h","glo",3.1,3.1,FALSE
"ROCK ISLAND","WA00084","72h","pe3",-3.858,3.858,FALSE
"ROCK ISLAND","WA00084","72h","gpa",-11.763,11.763,FALSE
"DORENA","OR00008","24h","gno",0.092,0.092,TRUE
"DORENA","OR00008","24h","gev",0.885,0.885,TRUE
"DORENA","OR00008","24h","pe3",-1.656,1.656,FALSE
"DORENA","OR00008","24h","glo",4.918,4.918,FALSE
"DORENA","OR00008","24h","gpa",-8.325,8.325,FALSE
"DORENA","OR00008","72h","glo",1.127,1.127,TRUE
"DORENA","OR00008","72h","gev",-2.77,2.77,FALSE
"DORENA","OR00008","72h","gno",-3.204,3.204,FALSE
"DORENA","OR00008","72h","pe3",-4.433,4.433,FALSE
"DORENA","OR00008","72h","gpa",-11.372,11.372,FALSE
"MILLERS CREEK DAM","TX01029","24h","gev",0.154,0.154,TRUE
"MILLERS CREEK DAM","TX01029","24h","gno",-0.695,0.695,TRUE
"MILLERS CREEK DAM","TX01029","24h","pe3",-2.35,2.35,FALSE
"MILLERS CREEK DAM","TX01029","24h","glo",2.948,2.948,FALSE
"MILLERS CREEK DAM","TX01029","24h","gpa",-6.482,6.482,FALSE
"MILLERS CREEK DAM","TX01029","72h","gev",-0.935,0.935,TRUE
"MILLERS CREEK DAM","TX01029","72h","gno",-1.63,1.63,TRUE
"MILLERS CREEK DAM","TX01029","72h","glo",1.923,1.923,FALSE
"MILLERS CREEK DAM","TX01029","72h","pe3",-3.061,3.061,FALSE
"MILLERS CREEK DAM","TX01029","72h","gpa",-7.578,7.578,FALSE
"JENNINGS RANDOLPH DAM","MD00069","24h","glo",1.081,1.081,TRUE
"JENNINGS RANDOLPH DAM","MD00069","24h","gev",-1.99,1.99,FALSE
"JENNINGS RANDOLPH DAM","MD00069","24h","gno",-3.1,3.1,FALSE
"JENNINGS RANDOLPH DAM","MD00069","24h","pe3",-5.189,5.189,FALSE
"JENNINGS RANDOLPH DAM","MD00069","24h","gpa",-9.428,9.428,FALSE
"JENNINGS RANDOLPH DAM","MD00069","72h","gev",-0.436,0.436,TRUE
"JENNINGS RANDOLPH DAM","MD00069","72h","gno",-1.382,1.382,TRUE
"JENNINGS RANDOLPH DAM","MD00069","72h","pe3",-3.377,3.377,FALSE
"JENNINGS RANDOLPH DAM","MD00069","72h","glo",3.779,3.779,FALSE
"JENNINGS RANDOLPH DAM","MD00069","72h","gpa",-10.165,10.165,FALSE
"LAKE HATTIE","WY00015","24h","gev",-1.187,1.187,TRUE
"LAKE HATTIE","WY00015","24h","glo",1.454,1.454,TRUE
"LAKE HATTIE","WY00015","24h","gno",-2.06,2.06,FALSE
"LAKE HATTIE","WY00015","24h","pe3",-3.731,3.731,FALSE
"LAKE HATTIE","WY00015","24h","gpa",-7.516,7.516,FALSE
"LAKE HATTIE","WY00015","72h","gev",-0.522,0.522,TRUE
"LAKE HATTIE","WY00015","72h","gno",-1.338,1.338,TRUE
"LAKE HATTIE","WY00015","72h","glo",2.357,2.357,FALSE
"LAKE HATTIE","WY00015","72h","pe3",-2.953,2.953,FALSE
"LAKE HATTIE","WY00015","72h","gpa",-7.31,7.31,FALSE
"HANNIBAL LOCKS AND DAM","WV10301","24h","glo",1.19,1.19,TRUE
"HANNIBAL LOCKS AND DAM","WV10301","24h","gev",-1.857,1.857,FALSE
"HANNIBAL LOCKS AND DAM","WV10301","24h","gno",-2.902,2.902,FALSE
"HANNIBAL LOCKS AND DAM","WV10301","24h","pe3",-4.889,4.889,FALSE
"HANNIBAL LOCKS AND DAM","WV10301","24h","gpa",-9.19,9.19,FALSE
"HANNIBAL LOCKS AND DAM","WV10301","72h","gev",-0.213,0.213,TRUE
"HANNIBAL LOCKS AND DAM","WV10301","72h","gno",-1.1,1.1,TRUE
"HANNIBAL LOCKS AND DAM","WV10301","72h","pe3",-2.968,2.968,FALSE
"HANNIBAL LOCKS AND DAM","WV10301","72h","glo",3.724,3.724,FALSE
"HANNIBAL LOCKS AND DAM","WV10301","72h","gpa",-9.303,9.303,FALSE
"ELEVEN MILE CANYON","CO00359","24h","gev",-1.017,1.017,TRUE
"ELEVEN MILE CANYON","CO00359","24h","gno",-1.73,1.73,FALSE
"ELEVEN MILE CANYON","CO00359","24h","glo",1.918,1.918,FALSE
"ELEVEN MILE CANYON","CO00359","24h","pe3",-3.201,3.201,FALSE
"ELEVEN MILE CANYON","CO00359","24h","gpa",-7.837,7.837,FALSE
"ELEVEN MILE CANYON","CO00359","72h","gev",-1.456,1.456,TRUE
"ELEVEN MILE CANYON","CO00359","72h","glo",1.493,1.493,TRUE
"ELEVEN MILE CANYON","CO00359","72h","gno",-2.34,2.34,FALSE
"ELEVEN MILE CANYON","CO00359","72h","pe3",-4.067,4.067,FALSE
"ELEVEN MILE CANYON","CO00359","72h","gpa",-8.45,8.45,FALSE
"TONGUE RIVER DAM","MT00002","24h","gno",-0.232,0.232,TRUE
"TONGUE RIVER DAM","MT00002","24h","gev",0.714,0.714,TRUE
"TONGUE RIVER DAM","MT00002","24h","pe3",-2.202,2.202,FALSE
"TONGUE RIVER DAM","MT00002","24h","glo",4.756,4.756,FALSE
"TONGUE RIVER DAM","MT00002","24h","gpa",-8.646,8.646,FALSE
"TONGUE RIVER DAM","MT00002","72h","gno",-0.117,0.117,TRUE
"TONGUE RIVER DAM","MT00002","72h","gev",0.966,0.966,TRUE
"TONGUE RIVER DAM","MT00002","72h","pe3",-2.283,2.283,FALSE
"TONGUE RIVER DAM","MT00002","72h","glo",4.957,4.957,FALSE
"TONGUE RIVER DAM","MT00002","72h","gpa",-8.404,8.404,FALSE
"LOYALHANNA DAM","PA00106","24h","gev",-0.83,0.83,TRUE
"LOYALHANNA DAM","PA00106","24h","glo",1.658,1.658,FALSE
"LOYALHANNA DAM","PA00106","24h","gno",-1.904,1.904,FALSE
"LOYALHANNA DAM","PA00106","24h","pe3",-3.874,3.874,FALSE
"LOYALHANNA DAM","PA00106","24h","gpa",-6.997,6.997,FALSE
"LOYALHANNA DAM","PA00106","72h","gno",0.163,0.163,TRUE
"LOYALHANNA DAM","PA00106","72h","gev",1.125,1.125,TRUE
"LOYALHANNA DAM","PA00106","72h","pe3",-1.728,1.728,FALSE
"LOYALHANNA DAM","PA00106","72h","glo",4.423,4.423,FALSE
"LOYALHANNA DAM","PA00106","72h","gpa",-6.674,6.674,FALSE
"OXFORD","NC00329","24h","gev",0.548,0.548,TRUE
"OXFORD","NC00329","24h","gno",-0.735,0.735,TRUE
"OXFORD","NC00329","24h","pe3",-3.092,3.092,FALSE
"OXFORD","NC00329","24h","glo",3.552,3.552,FALSE
"OXFORD","NC00329","24h","gpa",-6.887,6.887,FALSE
"OXFORD","NC00329","72h","glo",0.127,0.127,TRUE
"OXFORD","NC00329","72h","gev",-2.277,2.277,FALSE
"OXFORD","NC00329","72h","gno",-3.489,3.489,FALSE
"OXFORD","NC00329","72h","pe3",-5.673,5.673,FALSE
"OXFORD","NC00329","72h","gpa",-8.37,8.37,FALSE
"GEORGE B STEVENSON","PA00914","24h","glo",0.189,0.189,TRUE
"GEORGE B STEVENSON","PA00914","24h","gev",-1.746,1.746,FALSE
"GEORGE B STEVENSON","PA00914","24h","gno",-2.271,2.271,FALSE
"GEORGE B STEVENSON","PA00914","24h","pe3",-3.321,3.321,FALSE
"GEORGE B STEVENSON","PA00914","24h","gpa",-6.289,6.289,FALSE
"GEORGE B STEVENSON","PA00914","72h","glo",0.543,0.543,TRUE
"GEORGE B STEVENSON","PA00914","72h","gev",-1.559,1.559,TRUE
"GEORGE B STEVENSON","PA00914","72h","gno",-2.064,2.064,FALSE
"GEORGE B STEVENSON","PA00914","72h","pe3",-3.109,3.109,FALSE
"GEORGE B STEVENSON","PA00914","72h","gpa",-6.44,6.44,FALSE
"NANTAHALA","NC00371","24h","gev",-0.219,0.219,TRUE
"NANTAHALA","NC00371","24h","gno",-1.254,1.254,TRUE
"NANTAHALA","NC00371","24h","pe3",-3.335,3.335,FALSE
"NANTAHALA","NC00371","24h","glo",3.666,3.666,FALSE
"NANTAHALA","NC00371","24h","gpa",-9.325,9.325,FALSE
"NANTAHALA","NC00371","72h","gev",-0.948,0.948,TRUE
"NANTAHALA","NC00371","72h","gno",-1.92,1.92,FALSE
"NANTAHALA","NC00371","72h","glo",2.655,2.655,FALSE
"NANTAHALA","NC00371","72h","pe3",-3.869,3.869,FALSE
"NANTAHALA","NC00371","72h","gpa",-9.403,9.403,FALSE
"SHERMAN DAM","NE01077","24h","gev",-0.47,0.47,TRUE
"SHERMAN DAM","NE01077","24h","gno",-1.415,1.415,TRUE
"SHERMAN DAM","NE01077","24h","pe3",-3.357,3.357,FALSE
"SHERMAN DAM","NE01077","24h","glo",3.395,3.395,FALSE
"SHERMAN DAM","NE01077","24h","gpa",-9.456,9.456,FALSE
"SHERMAN DAM","NE01077","72h","gev",-0.539,0.539,TRUE
"SHERMAN DAM","NE01077","72h","gno",-1.106,1.106,TRUE
"SHERMAN DAM","NE01077","72h","pe3",-2.648,2.648,FALSE
"SHERMAN DAM","NE01077","72h","glo",4.172,4.172,FALSE
"SHERMAN DAM","NE01077","72h","gpa",-10.977,10.977,FALSE
"CHINA HAT","ID00266","24h","gev",-1.605,1.605,TRUE
"CHINA HAT","ID00266","24h","gno",-2.316,2.316,FALSE
"CHINA HAT","ID00266","24h","glo",3.04,3.04,FALSE
"CHINA HAT","ID00266","24h","pe3",-4.044,4.044,FALSE
"CHINA HAT","ID00266","24h","gpa",-12.032,12.032,FALSE
"CHINA HAT","ID00266","72h","gev",-1.063,1.063,TRUE
"CHINA HAT","ID00266","72h","gno",-1.793,1.793,FALSE
"CHINA HAT","ID00266","72h","pe3",-3.556,3.556,FALSE
"CHINA HAT","ID00266","72h","glo",3.636,3.636,FALSE
"CHINA HAT","ID00266","72h","gpa",-11.622,11.622,FALSE
"FALL CREEK","OR00007","24h","gno",0.564,0.564,TRUE
"FALL CREEK","OR00007","24h","pe3",-0.847,0.847,TRUE
"FALL CREEK","OR00007","24h","gev",1.062,1.062,TRUE
"FALL CREEK","OR00007","24h","glo",5.537,5.537,FALSE
"FALL CREEK","OR00007","24h","gpa",-8.816,8.816,FALSE
"FALL CREEK","OR00007","72h","glo",0.721,0.721,TRUE
"FALL CREEK","OR00007","72h","gev",-3.101,3.101,FALSE
"FALL CREEK","OR00007","72h","gno",-3.549,3.549,FALSE
"FALL CREEK","OR00007","72h","pe3",-4.785,4.785,FALSE
"FALL CREEK","OR00007","72h","gpa",-11.557,11.557,FALSE
"GRIZZLY VALLEY","CA00039","24h","gev",-0.344,0.344,TRUE
"GRIZZLY VALLEY","CA00039","24h","gno",-1.296,1.296,TRUE
"GRIZZLY VALLEY","CA00039","24h","pe3",-3.263,3.263,FALSE
"GRIZZLY VALLEY","CA00039","24h","glo",3.609,3.609,FALSE
"GRIZZLY VALLEY","CA00039","24h","gpa",-9.521,9.521,FALSE
"GRIZZLY VALLEY","CA00039","72h","gev",-1.601,1.601,TRUE
"GRIZZLY VALLEY","CA00039","72h","glo",1.808,1.808,FALSE
"GRIZZLY VALLEY","CA00039","72h","gno",-2.767,2.767,FALSE
"GRIZZLY VALLEY","CA00039","72h","pe3",-4.983,4.983,FALSE
"GRIZZLY VALLEY","CA00039","72h","gpa",-9.805,9.805,FALSE
"BIG SAGE","CA00233","24h","glo",1.036,1.036,TRUE
"BIG SAGE","CA00233","24h","gev",-2.409,2.409,FALSE
"BIG SAGE","CA00233","24h","gno",-3.386,3.386,FALSE
"BIG SAGE","CA00233","24h","pe3",-5.32,5.32,FALSE
"BIG SAGE","CA00233","24h","gpa",-10.531,10.531,FALSE
"BIG SAGE","CA00233","72h","glo",-0.432,0.432,TRUE
"BIG SAGE","CA00233","72h","gev",-3.238,3.238,FALSE
"BIG SAGE","CA00233","72h","gno",-4.171,4.171,FALSE
"BIG SAGE","CA00233","72h","pe3",-5.954,5.954,FALSE
"BIG SAGE","CA00233","72h","gpa",-9.968,9.968,FALSE
"GERBER RESERVOR","OR00584","24h","glo",1.299,1.299,TRUE
"GERBER RESERVOR","OR00584","24h","gev",-1.775,1.775,FALSE
"GERBER RESERVOR","OR00584","24h","gno",-2.993,2.993,FALSE
"GERBER RESERVOR","OR00584","24h","pe3",-5.255,5.255,FALSE
"GERBER RESERVOR","OR00584","24h","gpa",-9.306,9.306,FALSE
"GERBER RESERVOR","OR00584","72h","glo",0.319,0.319,TRUE
"GERBER RESERVOR","OR00584","72h","gev",-2.727,2.727,FALSE
"GERBER RESERVOR","OR00584","72h","gno",-3.775,3.775,FALSE
"GERBER RESERVOR","OR00584","72h","pe3",-5.765,5.765,FALSE
"GERBER RESERVOR","OR00584","72h","gpa",-10.061,10.061,FALSE
"SALT CREEK SITE 18 - BRANCHED OAK","NE01063","24h","glo",0.658,0.658,TRUE
"SALT CREEK SITE 18 - BRANCHED OAK","NE01063","24h","gev",-0.779,0.779,TRUE
"SALT CREEK SITE 18 - BRANCHED OAK","NE01063","24h","gno",-1.3,1.3,TRUE
"SALT CREEK SITE 18 - BRANCHED OAK","NE01063","24h","pe3",-2.281,2.281,FALSE
"SALT CREEK SITE 18 - BRANCHED OAK","NE01063","24h","gpa",-4.26,4.26,FALSE
"SALT CREEK SITE 18 - BRANCHED OAK","NE01063","72h","glo",-0.543,0.543,TRUE
"SALT CREEK SITE 18 - BRANCHED OAK","NE01063","72h","gev",-2.066,2.066,FALSE
"SALT CREEK SITE 18 - BRANCHED OAK","NE01063","72h","gno",-2.313,2.313,FALSE
"SALT CREEK SITE 18 - BRANCHED OAK","NE01063","72h","pe3",-2.898,2.898,FALSE
"SALT CREEK SITE 18 - BRANCHED OAK","NE01063","72h","gpa",-5.498,5.498,FALSE
"MAMMOTH POOL","CA00443","24h","gev",-1.043,1.043,TRUE
"MAMMOTH POOL","CA00443","24h","gno",-1.782,1.782,FALSE
"MAMMOTH POOL","CA00443","24h","glo",2.718,2.718,FALSE
"MAMMOTH POOL","CA00443","24h","pe3",-3.41,3.41,FALSE
"MAMMOTH POOL","CA00443","24h","gpa",-9.631,9.631,FALSE
"MAMMOTH POOL","CA00443","72h","gev",-0.951,0.951,TRUE
"MAMMOTH POOL","CA00443","72h","gno",-2.104,2.104,FALSE
"MAMMOTH POOL","CA00443","72h","glo",2.414,2.414,FALSE
"MAMMOTH POOL","CA00443","72h","pe3",-4.295,4.295,FALSE
"MAMMOTH POOL","CA00443","72h","gpa",-9.05,9.05,FALSE
"CAVE BUTTES","AZ10007","24h","glo",1.905,1.905,FALSE
"CAVE BUTTES","AZ10007","24h","gev",-2.359,2.359,FALSE
"CAVE BUTTES","AZ10007","24h","gno",-3.235,3.235,FALSE
"CAVE BUTTES","AZ10007","24h","pe3",-5.136,5.136,FALSE
"CAVE BUTTES","AZ10007","24h","gpa",-12.129,12.129,FALSE
"CAVE BUTTES","AZ10007","72h","gev",-0.621,0.621,TRUE
"CAVE BUTTES","AZ10007","72h","gno",-1.8,1.8,FALSE
"CAVE BUTTES","AZ10007","72h","glo",3.989,3.989,FALSE
"CAVE BUTTES","AZ10007","72h","pe3",-4.195,4.195,FALSE
"CAVE BUTTES","AZ10007","72h","gpa",-11.382,11.382,FALSE
"GIBSON","MT00571","24h","gev",-0.112,0.112,TRUE
"GIBSON","MT00571","24h","gno",-1.24,1.24,TRUE
"GIBSON","MT00571","24h","pe3",-3.515,3.515,FALSE
"GIBSON","MT00571","24h","glo",4.175,4.175,FALSE
"GIBSON","MT00571","24h","gpa",-10.147,10.147,FALSE
"GIBSON","MT00571","72h","gev",-1.476,1.476,TRUE
"GIBSON","MT00571","72h","glo",1.815,1.815,FALSE
"GIBSON","MT00571","72h","gno",-2.539,2.539,FALSE
"GIBSON","MT00571","72h","pe3",-4.584,4.584,FALSE
"GIBSON","MT00571","72h","gpa",-9.345,9.345,FALSE
"MORROW POINT","CO01689","24h","glo",1.073,1.073,TRUE
"MORROW POINT","CO01689","24h","gev",-2.673,2.673,FALSE
"MORROW POINT","CO01689","24h","gno",-3.414,3.414,FALSE
"MORROW POINT","CO01689","24h","pe3",-5.043,5.043,FALSE
"MORROW POINT","CO01689","24h","gpa",-11.231,11.231,FALSE
"MORROW POINT","CO01689","72h","gev",-2.086,2.086,FALSE
"MORROW POINT","CO01689","72h","glo",2.132,2.132,FALSE
"MORROW POINT","CO01689","72h","gno",-2.599,2.599,FALSE
"MORROW POINT","CO01689","72h","pe3",-3.987,3.987,FALSE
"MORROW POINT","CO01689","72h","gpa",-11.435,11.435,FALSE
"FERN RIDGE","OR00016","24h","gev",0.205,0.205,TRUE
"FERN RIDGE","OR00016","24h","gno",-0.562,0.562,TRUE
"FERN RIDGE","OR00016","24h","pe3",-2.287,2.287,FALSE
"FERN RIDGE","OR00016","24h","glo",4.339,4.339,FALSE
"FERN RIDGE","OR00016","24h","gpa",-9.196,9.196,FALSE
"FERN RIDGE","OR00016","72h","glo",1.086,1.086,TRUE
"FERN RIDGE","OR00016","72h","gev",-3.228,3.228,FALSE
"FERN RIDGE","OR00016","72h","gno",-3.461,3.461,FALSE
"FERN RIDGE","OR00016","72h","pe3",-4.505,4.505,FALSE
"FERN RIDGE","OR00016","72h","gpa",-12.52,12.52,FALSE
"CRESCENT LAKE DAM","OR00381","24h","gev",0.355,0.355,TRUE
"CRESCENT LAKE DAM","OR00381","24h","gno",-0.522,0.522,TRUE
"CRESCENT LAKE DAM","OR00381","24h","pe3",-2.335,2.335,FALSE
"CRESCENT LAKE DAM","OR00381","24h","glo",4.004,4.004,FALSE
"CRESCENT LAKE DAM","OR00381","24h","gpa",-8.118,8.118,FALSE
"CRESCENT LAKE DAM","OR00381","72h","glo",0.2,0.2,TRUE
"CRESCENT LAKE DAM","OR00381","72h","gev",-3.482,3.482,FALSE
"CRESCENT LAKE DAM","OR00381","72h","gno",-4.186,4.186,FALSE
"CRESCENT LAKE DAM","OR00381","72h","pe3",-5.753,5.753,FALSE
"CRESCENT LAKE DAM","OR00381","72h","gpa",-11.873,11.873,FALSE
"RUEDI","CO01664","24h","glo",1.233,1.233,TRUE
"RUEDI","CO01664","24h","gev",-2.632,2.632,FALSE
"RUEDI","CO01664","24h","gno",-3.434,3.434,FALSE
"RUEDI","CO01664","24h","pe3",-5.168,5.168,FALSE
"RUEDI","CO01664","24h","gpa",-11.495,11.495,FALSE
"RUEDI","CO01664","72h","glo",1.085,1.085,TRUE
"RUEDI","CO01664","72h","gev",-2.618,2.618,FALSE
"RUEDI","CO01664","72h","gno",-3.447,3.447,FALSE
"RUEDI","CO01664","72h","pe3",-5.197,5.197,FALSE
"RUEDI","CO01664","72h","gpa",-11.163,11.163,FALSE
"GRAYSON DAM","KY03030","24h","gev",-0.363,0.363,TRUE
"GRAYSON DAM","KY03030","24h","glo",0.671,0.671,TRUE
"GRAYSON DAM","KY03030","24h","gno",-0.913,0.913,TRUE
"GRAYSON DAM","KY03030","24h","pe3",-1.9,1.9,FALSE
"GRAYSON DAM","KY03030","24h","gpa",-3.006,3.006,FALSE
"GRAYSON DAM","KY03030","72h","gev",0.047,0.047,TRUE
"GRAYSON DAM","KY03030","72h","gno",-0.44,0.44,TRUE
"GRAYSON DAM","KY03030","72h","pe3",-1.381,1.381,TRUE
"GRAYSON DAM","KY03030","72h","glo",1.582,1.582,TRUE
"GRAYSON DAM","KY03030","72h","gpa",-3.617,3.617,FALSE
"TAYLOR PARK","CO00151","24h","glo",1.39,1.39,TRUE
"TAYLOR PARK","CO00151","24h","gev",-2.649,2.649,FALSE
"TAYLOR PARK","CO00151","24h","gno",-3.215,3.215,FALSE
"TAYLOR PARK","CO00151","24h","pe3",-4.645,4.645,FALSE
"TAYLOR PARK","CO00151","24h","gpa",-11.672,11.672,FALSE
"TAYLOR PARK","CO00151","72h","glo",1.972,1.972,FALSE
"TAYLOR PARK","CO00151","72h","gev",-2.328,2.328,FALSE
"TAYLOR PARK","CO00151","72h","gno",-2.876,2.876,FALSE
"TAYLOR PARK","CO00151","72h","pe3",-4.324,4.324,FALSE
"TAYLOR PARK","CO00151","72h","gpa",-11.884,11.884,FALSE
"WARNER DAM","NY00750","24h","glo",-1.108,1.108,TRUE
"WARNER DAM","NY00750","24h","gev",-2.771,2.771,FALSE
"WARNER DAM","NY00750","24h","gno",-3.042,3.042,FALSE
"WARNER DAM","NY00750","24h","pe3",-3.684,3.684,FALSE
"WARNER DAM","NY00750","24h","gpa",-6.519,6.519,FALSE
"WARNER DAM","NY00750","72h","glo",-0.778,0.778,TRUE
"WARNER DAM","NY00750","72h","gev",-2.194,2.194,FALSE
"WARNER DAM","NY00750","72h","gno",-2.599,2.599,FALSE
"WARNER DAM","NY00750","72h","pe3",-3.399,3.399,FALSE
"WARNER DAM","NY00750","72h","gpa",-5.535,5.535,FALSE
"ALVIN R BUSH DAM","PA00002","24h","glo",0.193,0.193,TRUE
"ALVIN R BUSH DAM","PA00002","24h","gev",-1.746,1.746,FALSE
"ALVIN R BUSH DAM","PA00002","24h","gno",-2.272,2.272,FALSE
"ALVIN R BUSH DAM","PA00002","24h","pe3",-3.324,3.324,FALSE
"ALVIN R BUSH DAM","PA00002","24h","gpa",-6.299,6.299,FALSE
"ALVIN R BUSH DAM","PA00002","72h","glo",0.546,0.546,TRUE
"ALVIN R BUSH DAM","PA00002","72h","gev",-1.556,1.556,TRUE
"ALVIN R BUSH DAM","PA00002","72h","gno",-2.061,2.061,FALSE
"ALVIN R BUSH DAM","PA00002","72h","pe3",-3.105,3.105,FALSE
"ALVIN R BUSH DAM","PA00002","72h","gpa",-6.435,6.435,FALSE
"GALESVILLE RES.","OR00748","24h","gev",-0.908,0.908,TRUE
"GALESVILLE RES.","OR00748","24h","gno",-1.94,1.94,FALSE
"GALESVILLE RES.","OR00748","24h","glo",3.096,3.096,FALSE
"GALESVILLE RES.","OR00748","24h","pe3",-4.032,4.032,FALSE
"GALESVILLE RES.","OR00748","24h","gpa",-10.263,10.263,FALSE
"GALESVILLE RES.","OR00748","72h","glo",1.646,1.646,FALSE
"GALESVILLE RES.","OR00748","72h","gev",-2.528,2.528,FALSE
"GALESVILLE RES.","OR00748","72h","gno",-2.996,2.996,FALSE
"GALESVILLE RES.","OR00748","72h","pe3",-4.317,4.317,FALSE
"GALESVILLE RES.","OR00748","72h","gpa",-11.744,11.744,FALSE
"GALESVILLE","OR83046","24h","gev",-0.908,0.908,TRUE
"GALESVILLE","OR83046","24h","gno",-1.94,1.94,FALSE
"GALESVILLE","OR83046","24h","glo",3.096,3.096,FALSE
"GALESVILLE","OR83046","24h","pe3",-4.032,4.032,FALSE
"GALESVILLE","OR83046","24h","gpa",-10.263,10.263,FALSE
"GALESVILLE","OR83046","72h","glo",1.646,1.646,FALSE
"GALESVILLE","OR83046","72h","gev",-2.528,2.528,FALSE
"GALESVILLE","OR83046","72h","gno",-2.996,2.996,FALSE
"GALESVILLE","OR83046","72h","pe3",-4.317,4.317,FALSE
"GALESVILLE","OR83046","72h","gpa",-11.744,11.744,FALSE
"CARTER LAKE DAM NO. 1","CO01650","24h","glo",0.407,0.407,TRUE
"CARTER LAKE DAM NO. 1","CO01650","24h","gev",-1.142,1.142,TRUE
"CARTER LAKE DAM NO. 1","CO01650","24h","gno",-1.866,1.866,FALSE
"CARTER LAKE DAM NO. 1","CO01650","24h","pe3",-3.18,3.18,FALSE
"CARTER LAKE DAM NO. 1","CO01650","24h","gpa",-5.025,5.025,FALSE
"CARTER LAKE DAM NO. 1","CO01650","72h","gno",0.131,0.131,TRUE
"CARTER LAKE DAM NO. 1","CO01650","72h","gev",0.801,0.801,TRUE
"CARTER LAKE DAM NO. 1","CO01650","72h","pe3",-1.151,1.151,TRUE
"CARTER LAKE DAM NO. 1","CO01650","72h","glo",2.817,2.817,FALSE
"CARTER LAKE DAM NO. 1","CO01650","72h","gpa",-4.034,4.034,FALSE
"TRUSCOTT BRINE LAKE","TX05996","24h","gev",-1.352,1.352,TRUE
"TRUSCOTT BRINE LAKE","TX05996","24h","glo",1.661,1.661,FALSE
"TRUSCOTT BRINE LAKE","TX05996","24h","gno",-2.555,2.555,FALSE
"TRUSCOTT BRINE LAKE","TX05996","24h","pe3",-4.785,4.785,FALSE
"TRUSCOTT BRINE LAKE","TX05996","24h","gpa",-8.742,8.742,FALSE
"TRUSCOTT BRINE LAKE","TX05996","72h","gev",-0.865,0.865,TRUE
"TRUSCOTT BRINE LAKE","TX05996","72h","gno",-1.87,1.87,FALSE
"TRUSCOTT BRINE LAKE","TX05996","72h","glo",2.95,2.95,FALSE
"TRUSCOTT BRINE LAKE","TX05996","72h","pe3",-3.896,3.896,FALSE
"TRUSCOTT BRINE LAKE","TX05996","72h","gpa",-9.796,9.796,FALSE
"HARRIMAN","VT00025","24h","pe3",0.439,0.439,TRUE
"HARRIMAN","VT00025","24h","gno",1.131,1.131,TRUE
"HARRIMAN","VT00025","24h","gpa",-1.46,1.46,TRUE
"HARRIMAN","VT00025","24h","gev",1.479,1.479,TRUE
"HARRIMAN","VT00025","24h","glo",2.728,2.728,FALSE
"HARRIMAN","VT00025","72h","gev",0.126,0.126,TRUE
"HARRIMAN","VT00025","72h","gno",-0.276,0.276,TRUE
"HARRIMAN","VT00025","72h","pe3",-1.013,1.013,TRUE
"HARRIMAN","VT00025","72h","glo",1.054,1.054,TRUE
"HARRIMAN","VT00025","72h","gpa",-2.175,2.175,FALSE
"BOR PINEVIEW","UT10132","24h","gev",-1.199,1.199,TRUE
"BOR PINEVIEW","UT10132","24h","gno",-1.908,1.908,FALSE
"BOR PINEVIEW","UT10132","24h","glo",2.845,2.845,FALSE
"BOR PINEVIEW","UT10132","24h","pe3",-3.539,3.539,FALSE
"BOR PINEVIEW","UT10132","24h","gpa",-10.357,10.357,FALSE
"BOR PINEVIEW","UT10132","72h","glo",1.328,1.328,TRUE
"BOR PINEVIEW","UT10132","72h","gev",-3.066,3.066,FALSE
"BOR PINEVIEW","UT10132","72h","gno",-3.483,3.483,FALSE
"BOR PINEVIEW","UT10132","72h","pe3",-4.774,4.774,FALSE
"BOR PINEVIEW","UT10132","72h","gpa",-12.699,12.699,FALSE
"TOM MILLER DAM","TX01086","24h","gev",-0.234,0.234,TRUE
"TOM MILLER DAM","TX01086","24h","gno",-0.601,0.601,TRUE
"TOM MILLER DAM","TX01086","24h","glo",0.987,0.987,TRUE
"TOM MILLER DAM","TX01086","24h","pe3",-1.317,1.317,TRUE
"TOM MILLER DAM","TX01086","24h","gpa",-3.13,3.13,FALSE
"TOM MILLER DAM","TX01086","72h","gev",-0.173,0.173,TRUE
"TOM MILLER DAM","TX01086","72h","gno",-0.657,0.657,TRUE
"TOM MILLER DAM","TX01086","72h","glo",0.792,0.792,TRUE
"TOM MILLER DAM","TX01086","72h","pe3",-1.531,1.531,TRUE
"TOM MILLER DAM","TX01086","72h","gpa",-2.616,2.616,FALSE
"ANTERO","CO00351","24h","gev",-1.238,1.238,TRUE
"ANTERO","CO00351","24h","glo",2.037,2.037,FALSE
"ANTERO","CO00351","24h","gno",-2.075,2.075,FALSE
"ANTERO","CO00351","24h","pe3",-3.777,3.777,FALSE
"ANTERO","CO00351","24h","gpa",-8.883,8.883,FALSE
"ANTERO","CO00351","72h","gev",-1.367,1.367,TRUE
"ANTERO","CO00351","72h","glo",1.57,1.57,TRUE
"ANTERO","CO00351","72h","gno",-2.316,2.316,FALSE
"ANTERO","CO00351","72h","pe3",-4.142,4.142,FALSE
"ANTERO","CO00351","72h","gpa",-8.39,8.39,FALSE
"MASON DAM","OR00577","24h","glo",1.893,1.893,FALSE
"MASON DAM","OR00577","24h","gev",-2.098,2.098,FALSE
"MASON DAM","OR00577","24h","gno",-3.218,3.218,FALSE
"MASON DAM","OR00577","24h","pe3",-5.44,5.44,FALSE
"MASON DAM","OR00577","24h","gpa",-11.499,11.499,FALSE
"MASON DAM","OR00577","72h","gev",-1.18,1.18,TRUE
"MASON DAM","OR00577","72h","gno",-2.112,2.112,FALSE
"MASON DAM","OR00577","72h","glo",3.195,3.195,FALSE
"MASON DAM","OR00577","72h","pe3",-4.112,4.112,FALSE
"MASON DAM","OR00577","72h","gpa",-11.234,11.234,FALSE
"POINT OF ROCKS","CO00384","24h","gev",-1.528,1.528,TRUE
"POINT OF ROCKS","CO00384","24h","glo",1.806,1.806,FALSE
"POINT OF ROCKS","CO00384","24h","gno",-2.553,2.553,FALSE
"POINT OF ROCKS","CO00384","24h","pe3",-4.545,4.545,FALSE
"POINT OF ROCKS","CO00384","24h","gpa",-9.456,9.456,FALSE
"POINT OF ROCKS","CO00384","72h","gev",-1.149,1.149,TRUE
"POINT OF ROCKS","CO00384","72h","gno",-1.71,1.71,FALSE
"POINT OF ROCKS","CO00384","72h","glo",3.159,3.159,FALSE
"POINT OF ROCKS","CO00384","72h","pe3",-3.179,3.179,FALSE
"POINT OF ROCKS","CO00384","72h","gpa",-10.734,10.734,FALSE
"POTOMAC RIVER DAM #4","MD00078","24h","gev",-0.563,0.563,TRUE
"POTOMAC RIVER DAM #4","MD00078","24h","gno",-1.686,1.686,FALSE
"POTOMAC RIVER DAM #4","MD00078","24h","glo",2.014,2.014,FALSE
"POTOMAC RIVER DAM #4","MD00078","24h","pe3",-3.744,3.744,FALSE
"POTOMAC RIVER DAM #4","MD00078","24h","gpa",-6.956,6.956,FALSE
"POTOMAC RIVER DAM #4","MD00078","72h","gno",-0.111,0.111,TRUE
"POTOMAC RIVER DAM #4","MD00078","72h","gev",0.845,0.845,TRUE
"POTOMAC RIVER DAM #4","MD00078","72h","pe3",-1.971,1.971,FALSE
"POTOMAC RIVER DAM #4","MD00078","72h","glo",3.958,3.958,FALSE
"POTOMAC RIVER DAM #4","MD00078","72h","gpa",-6.555,6.555,FALSE
"LAKE SHERBURNE","MT00572","24h","glo",0.842,0.842,TRUE
"LAKE SHERBURNE","MT00572","24h","gev",-2.445,2.445,FALSE
"LAKE SHERBURNE","MT00572","24h","gno",-3.218,3.218,FALSE
"LAKE SHERBURNE","MT00572","24h","pe3",-4.825,4.825,FALSE
"LAKE SHERBURNE","MT00572","24h","gpa",-10.06,10.06,FALSE
"LAKE SHERBURNE","MT00572","72h","gev",-1.25,1.25,TRUE
"LAKE SHERBURNE","MT00572","72h","glo",1.871,1.871,FALSE
"LAKE SHERBURNE","MT00572","72h","gno",-1.946,1.946,FALSE
"LAKE SHERBURNE","MT00572","72h","pe3",-3.416,3.416,FALSE
"LAKE SHERBURNE","MT00572","72h","gpa",-8.449,8.449,FALSE
"DEL VALLE","CA00043","24h","gev",0.212,0.212,TRUE
"DEL VALLE","CA00043","24h","gno",-0.592,0.592,TRUE
"DEL VALLE","CA00043","24h","pe3",-2.223,2.223,FALSE
"DEL VALLE","CA00043","24h","glo",3.337,3.337,FALSE
"DEL VALLE","CA00043","24h","gpa",-7.087,7.087,FALSE
"DEL VALLE","CA00043","72h","gev",-0.681,0.681,TRUE
"DEL VALLE","CA00043","72h","gno",-1.591,1.591,TRUE
"DEL VALLE","CA00043","72h","glo",2.107,2.107,FALSE
"DEL VALLE","CA00043","72h","pe3",-3.336,3.336,FALSE
"DEL VALLE","CA00043","72h","gpa",-7.355,7.355,FALSE
"BURTON","GA00847","24h","gev",-0.336,0.336,TRUE
"BURTON","GA00847","24h","gno",-1.391,1.391,TRUE
"BURTON","GA00847","24h","glo",3.423,3.423,FALSE
"BURTON","GA00847","24h","pe3",-3.483,3.483,FALSE
"BURTON","GA00847","24h","gpa",-9.191,9.191,FALSE
"BURTON","GA00847","72h","gev",-0.953,0.953,TRUE
"BURTON","GA00847","72h","gno",-1.968,1.968,FALSE
"BURTON","GA00847","72h","glo",2.735,2.735,FALSE
"BURTON","GA00847","72h","pe3",-3.991,3.991,FALSE
"BURTON","GA00847","72h","gpa",-9.623,9.623,FALSE
"BYNUM RESERVOIR DAM","MT01356","24h","gno",-0.528,0.528,TRUE
"BYNUM RESERVOIR DAM","MT01356","24h","gev",0.753,0.753,TRUE
"BYNUM RESERVOIR DAM","MT01356","24h","pe3",-2.991,2.991,FALSE
"BYNUM RESERVOIR DAM","MT01356","24h","glo",4.721,4.721,FALSE
"BYNUM RESERVOIR DAM","MT01356","24h","gpa",-8.732,8.732,FALSE
"BYNUM RESERVOIR DAM","MT01356","72h","gev",-0.587,0.587,TRUE
"BYNUM RESERVOIR DAM","MT01356","72h","gno",-1.782,1.782,FALSE
"BYNUM RESERVOIR DAM","MT01356","72h","glo",3.321,3.321,FALSE
"BYNUM RESERVOIR DAM","MT01356","72h","pe3",-4.107,4.107,FALSE
"BYNUM RESERVOIR DAM","MT01356","72h","gpa",-9.875,9.875,FALSE
"LONG LAKE NWR 7","ND00990","24h","gev",0.018,0.018,TRUE
"LONG LAKE NWR 7","ND00990","24h","gno",-0.825,0.825,TRUE
"LONG LAKE NWR 7","ND00990","24h","pe3",-2.65,2.65,FALSE
"LONG LAKE NWR 7","ND00990","24h","glo",4.08,4.08,FALSE
"LONG LAKE NWR 7","ND00990","24h","gpa",-9.298,9.298,FALSE
"LONG LAKE NWR 7","ND00990","72h","gev",-1.376,1.376,TRUE
"LONG LAKE NWR 7","ND00990","72h","gno",-1.884,1.884,FALSE
"LONG LAKE NWR 7","ND00990","72h","glo",2.972,2.972,FALSE
"LONG LAKE NWR 7","ND00990","72h","pe3",-3.289,3.289,FALSE
"LONG LAKE NWR 7","ND00990","72h","gpa",-10.996,10.996,FALSE
"MUD MOUNTAIN DAM","WA00300","24h","gev",-1.6,1.6,TRUE
"MUD MOUNTAIN DAM","WA00300","24h","glo",2.234,2.234,FALSE
"MUD MOUNTAIN DAM","WA00300","24h","gno",-2.442,2.442,FALSE
"MUD MOUNTAIN DAM","WA00300","24h","pe3",-4.231,4.231,FALSE
"MUD MOUNTAIN DAM","WA00300","24h","gpa",-10.432,10.432,FALSE
"MUD MOUNTAIN DAM","WA00300","72h","glo",0.982,0.982,TRUE
"MUD MOUNTAIN DAM","WA00300","72h","gev",-2.981,2.981,FALSE
"MUD MOUNTAIN DAM","WA00300","72h","gno",-3.576,3.576,FALSE
"MUD MOUNTAIN DAM","WA00300","72h","pe3",-5.034,5.034,FALSE
"MUD MOUNTAIN DAM","WA00300","72h","gpa",-11.868,11.868,FALSE
"BUCKS LAKE","CA00332","24h","gev",-0.513,0.513,TRUE
"BUCKS LAKE","CA00332","24h","gno",-1.454,1.454,TRUE
"BUCKS LAKE","CA00332","24h","pe3",-3.551,3.551,FALSE
"BUCKS LAKE","CA00332","24h","glo",4.424,4.424,FALSE
"BUCKS LAKE","CA00332","24h","gpa",-11.761,11.761,FALSE
"BUCKS LAKE","CA00332","72h","gev",-1.359,1.359,TRUE
"BUCKS LAKE","CA00332","72h","gno",-2.577,2.577,FALSE
"BUCKS LAKE","CA00332","72h","glo",2.601,2.601,FALSE
"BUCKS LAKE","CA00332","72h","pe3",-4.942,4.942,FALSE
"BUCKS LAKE","CA00332","72h","gpa",-10.776,10.776,FALSE
"LONG LAKE","WA00021","24h","gev",-0.941,0.941,TRUE
"LONG LAKE","WA00021","24h","gno",-2.048,2.048,FALSE
"LONG LAKE","WA00021","24h","glo",3.547,3.547,FALSE
"LONG LAKE","WA00021","24h","pe3",-4.319,4.319,FALSE
"LONG LAKE","WA00021","24h","gpa",-11.382,11.382,FALSE
"LONG LAKE","WA00021","72h","gev",-2.139,2.139,FALSE
"LONG LAKE","WA00021","72h","gno",-2.615,2.615,FALSE
"LONG LAKE","WA00021","72h","glo",3.361,3.361,FALSE
"LONG LAKE","WA00021","72h","pe3",-4.17,4.17,FALSE
"LONG LAKE","WA00021","72h","gpa",-14.153,14.153,FALSE
"GRAHAM DAM","TX03945","24h","pe3",-0.35,0.35,TRUE
"GRAHAM DAM","TX03945","24h","gno",0.526,0.526,TRUE
"GRAHAM DAM","TX03945","24h","gev",0.961,0.961,TRUE
"GRAHAM DAM","TX03945","24h","glo",2.616,2.616,FALSE
"GRAHAM DAM","TX03945","24h","gpa",-2.913,2.913,FALSE
"GRAHAM DAM","TX03945","72h","glo",0.688,0.688,TRUE
"GRAHAM DAM","TX03945","72h","gev",-1.012,1.012,TRUE
"GRAHAM DAM","TX03945","72h","gno",-1.228,1.228,TRUE
"GRAHAM DAM","TX03945","72h","pe3",-1.801,1.801,FALSE
"GRAHAM DAM","TX03945","72h","gpa",-4.79,4.79,FALSE
"CABINET GORGE","ID00222","24h","glo",1.636,1.636,TRUE
"CABINET GORGE","ID00222","24h","gev",-2.581,2.581,FALSE
"CABINET GORGE","ID00222","24h","gno",-3.249,3.249,FALSE
"CABINET GORGE","ID00222","24h","pe3",-4.848,4.848,FALSE
"CABINET GORGE","ID00222","24h","gpa",-12.07,12.07,FALSE
"CABINET GORGE","ID00222","72h","gev",-1.704,1.704,FALSE
"CABINET GORGE","ID00222","72h","gno",-2.24,2.24,FALSE
"CABINET GORGE","ID00222","72h","glo",2.802,2.802,FALSE
"CABINET GORGE","ID00222","72h","pe3",-3.707,3.707,FALSE
"CABINET GORGE","ID00222","72h","gpa",-11.683,11.683,FALSE
"EAST BRANCH DAM","PA00104","24h","glo",0.198,0.198,TRUE
"EAST BRANCH DAM","PA00104","24h","gev",-1.698,1.698,FALSE
"EAST BRANCH DAM","PA00104","24h","gno",-2.212,2.212,FALSE
"EAST BRANCH DAM","PA00104","24h","pe3",-3.24,3.24,FALSE
"EAST BRANCH DAM","PA00104","24h","gpa",-6.148,6.148,FALSE
"EAST BRANCH DAM","PA00104","72h","glo",0.546,0.546,TRUE
"EAST BRANCH DAM","PA00104","72h","gev",-1.665,1.665,FALSE
"EAST BRANCH DAM","PA00104","72h","gno",-2.196,2.196,FALSE
"EAST BRANCH DAM","PA00104","72h","pe3",-3.294,3.294,FALSE
"EAST BRANCH DAM","PA00104","72h","gpa",-6.796,6.796,FALSE
"NEW RIVER","AZ00202","24h","gev",-2.197,2.197,FALSE
"NEW RIVER","AZ00202","24h","glo",2.437,2.437,FALSE
"NEW RIVER","AZ00202","24h","gno",-3.182,3.182,FALSE
"NEW RIVER","AZ00202","24h","pe3",-5.296,5.296,FALSE
"NEW RIVER","AZ00202","24h","gpa",-12.843,12.843,FALSE
"NEW RIVER","AZ00202","72h","gev",-0.161,0.161,TRUE
"NEW RIVER","AZ00202","72h","gno",-1.317,1.317,TRUE
"NEW RIVER","AZ00202","72h","pe3",-3.681,3.681,FALSE
"NEW RIVER","AZ00202","72h","glo",4.485,4.485,FALSE
"NEW RIVER","AZ00202","72h","gpa",-10.98,10.98,FALSE
"FORT SUPPLY LAKE","OK10318","24h","gev",-0.946,0.946,TRUE
"FORT SUPPLY LAKE","OK10318","24h","gno",-1.925,1.925,FALSE
"FORT SUPPLY LAKE","OK10318","24h","glo",3.865,3.865,FALSE
"FORT SUPPLY LAKE","OK10318","24h","pe3",-4.058,4.058,FALSE
"FORT SUPPLY LAKE","OK10318","24h","gpa",-11.962,11.962,FALSE
"FORT SUPPLY LAKE","OK10318","72h","glo",2.103,2.103,FALSE
"FORT SUPPLY LAKE","OK10318","72h","gev",-2.948,2.948,FALSE
"FORT SUPPLY LAKE","OK10318","72h","gno",-3.637,3.637,FALSE
"FORT SUPPLY LAKE","OK10318","72h","pe3",-5.4,5.4,FALSE
"FORT SUPPLY LAKE","OK10318","72h","gpa",-14.213,14.213,FALSE
"WINNIES REEF DAM","NY00712","24h","gno",0.04,0.04,TRUE
"WINNIES REEF DAM","NY00712","24h","gev",0.475,0.475,TRUE
"WINNIES REEF DAM","NY00712","24h","pe3",-0.779,0.779,TRUE
"WINNIES REEF DAM","NY00712","24h","glo",1.688,1.688,FALSE
"WINNIES REEF DAM","NY00712","24h","gpa",-2.459,2.459,FALSE
"WINNIES REEF DAM","NY00712","72h","gev",-0.246,0.246,TRUE
"WINNIES REEF DAM","NY00712","72h","gno",-0.692,0.692,TRUE
"WINNIES REEF DAM","NY00712","72h","glo",0.793,0.793,TRUE
"WINNIES REEF DAM","NY00712","72h","pe3",-1.511,1.511,TRUE
"WINNIES REEF DAM","NY00712","72h","gpa",-2.818,2.818,FALSE
"GREENBELT DAM","TX03698","24h","glo",1.81,1.81,FALSE
"GREENBELT DAM","TX03698","24h","gev",-2.265,2.265,FALSE
"GREENBELT DAM","TX03698","24h","gno",-3.441,3.441,FALSE
"GREENBELT DAM","TX03698","24h","pe3",-5.758,5.758,FALSE
"GREENBELT DAM","TX03698","24h","gpa",-11.89,11.89,FALSE
"GREENBELT DAM","TX03698","72h","gev",-1.604,1.604,TRUE
"GREENBELT DAM","TX03698","72h","gno",-2.451,2.451,FALSE
"GREENBELT DAM","TX03698","72h","glo",3.532,3.532,FALSE
"GREENBELT DAM","TX03698","72h","pe3",-4.448,4.448,FALSE
"GREENBELT DAM","TX03698","72h","gpa",-13.188,13.188,FALSE
"RIRIE","ID00344","24h","gev",-2.056,2.056,FALSE
"RIRIE","ID00344","24h","glo",2.475,2.475,FALSE
"RIRIE","ID00344","24h","gno",-2.924,2.924,FALSE
"RIRIE","ID00344","24h","pe3",-4.855,4.855,FALSE
"RIRIE","ID00344","24h","gpa",-12.382,12.382,FALSE
"RIRIE","ID00344","72h","gev",-1.801,1.801,FALSE
"RIRIE","ID00344","72h","gno",-2.399,2.399,FALSE
"RIRIE","ID00344","72h","glo",2.664,2.664,FALSE
"RIRIE","ID00344","72h","pe3",-3.942,3.942,FALSE
"RIRIE","ID00344","72h","gpa",-11.747,11.747,FALSE
"WHEATLAND NO. 3","WY00011","24h","glo",0.782,0.782,TRUE
"WHEATLAND NO. 3","WY00011","24h","gev",-2.482,2.482,FALSE
"WHEATLAND NO. 3","WY00011","24h","gno",-3.397,3.397,FALSE
"WHEATLAND NO. 3","WY00011","24h","pe3",-5.214,5.214,FALSE
"WHEATLAND NO. 3","WY00011","24h","gpa",-10.168,10.168,FALSE
"WHEATLAND NO. 3","WY00011","72h","glo",1.631,1.631,TRUE
"WHEATLAND NO. 3","WY00011","72h","gev",-1.931,1.931,FALSE
"WHEATLAND NO. 3","WY00011","72h","gno",-2.699,2.699,FALSE
"WHEATLAND NO. 3","WY00011","72h","pe3",-4.34,4.34,FALSE
"WHEATLAND NO. 3","WY00011","72h","gpa",-10.126,10.126,FALSE
"DEADMANS BASIN DAM","MT00011","24h","gev",0.053,0.053,TRUE
"DEADMANS BASIN DAM","MT00011","24h","gno",-1.316,1.316,TRUE
"DEADMANS BASIN DAM","MT00011","24h","pe3",-3.947,3.947,FALSE
"DEADMANS BASIN DAM","MT00011","24h","glo",4.284,4.284,FALSE
"DEADMANS BASIN DAM","MT00011","24h","gpa",-10.065,10.065,FALSE
"DEADMANS BASIN DAM","MT00011","72h","gev",0.382,0.382,TRUE
"DEADMANS BASIN DAM","MT00011","72h","gno",-0.692,0.692,TRUE
"DEADMANS BASIN DAM","MT00011","72h","pe3",-2.951,2.951,FALSE
"DEADMANS BASIN DAM","MT00011","72h","glo",5.11,5.11,FALSE
"DEADMANS BASIN DAM","MT00011","72h","gpa",-10.54,10.54,FALSE
"BOX CANYON DAM","WA00013","24h","gev",-1.094,1.094,TRUE
"BOX CANYON DAM","WA00013","24h","gno",-1.841,1.841,FALSE
"BOX CANYON DAM","WA00013","24h","glo",2.751,2.751,FALSE
"BOX CANYON DAM","WA00013","24h","pe3",-3.494,3.494,FALSE
"BOX CANYON DAM","WA00013","24h","gpa",-9.868,9.868,FALSE
"BOX CANYON DAM","WA00013","72h","gev",-1.888,1.888,FALSE
"BOX CANYON DAM","WA00013","72h","gno",-2.35,2.35,FALSE
"BOX CANYON DAM","WA00013","72h","glo",2.363,2.363,FALSE
"BOX CANYON DAM","WA00013","72h","pe3",-3.677,3.677,FALSE
"BOX CANYON DAM","WA00013","72h","gpa",-11.263,11.263,FALSE
"ENDERS DAM","NE01070","24h","gev",-1.607,1.607,TRUE
"ENDERS DAM","NE01070","24h","glo",1.754,1.754,FALSE
"ENDERS DAM","NE01070","24h","gno",-2.573,2.573,FALSE
"ENDERS DAM","NE01070","24h","pe3",-4.479,4.479,FALSE
"ENDERS DAM","NE01070","24h","gpa",-9.543,9.543,FALSE
"ENDERS DAM","NE01070","72h","gev",-1.349,1.349,TRUE
"ENDERS DAM","NE01070","72h","gno",-1.826,1.826,FALSE
"ENDERS DAM","NE01070","72h","glo",2.884,2.884,FALSE
"ENDERS DAM","NE01070","72h","pe3",-3.169,3.169,FALSE
"ENDERS DAM","NE01070","72h","gpa",-10.7,10.7,FALSE
"EAGLE NEST DAM","NM00351","24h","gev",0.265,0.265,TRUE
"EAGLE NEST DAM","NM00351","24h","gno",-0.841,0.841,TRUE
"EAGLE NEST DAM","NM00351","24h","pe3",-3.024,3.024,FALSE
"EAGLE NEST DAM","NM00351","24h","glo",4.134,4.134,FALSE
"EAGLE NEST DAM","NM00351","24h","gpa",-8.866,8.866,FALSE
"EAGLE NEST DAM","NM00351","72h","gev",0.16,0.16,TRUE
"EAGLE NEST DAM","NM00351","72h","gno",-0.783,0.783,TRUE
"EAGLE NEST DAM","NM00351","72h","pe3",-2.773,2.773,FALSE
"EAGLE NEST DAM","NM00351","72h","glo",4.371,4.371,FALSE
"EAGLE NEST DAM","NM00351","72h","gpa",-9.557,9.557,FALSE
"MORAINE STATE PARK","PA00273","24h","glo",0.438,0.438,TRUE
"MORAINE STATE PARK","PA00273","24h","gev",-1.578,1.578,TRUE
"MORAINE STATE PARK","PA00273","24h","gno",-2.298,2.298,FALSE
"MORAINE STATE PARK","PA00273","24h","pe3",-3.657,3.657,FALSE
"MORAINE STATE PARK","PA00273","24h","gpa",-6.454,6.454,FALSE
"MORAINE STATE PARK","PA00273","72h","gev",0.188,0.188,TRUE
"MORAINE STATE PARK","PA00273","72h","gno",-0.405,0.405,TRUE
"MORAINE STATE PARK","PA00273","72h","pe3",-1.659,1.659,FALSE
"MORAINE STATE PARK","PA00273","72h","glo",2.854,2.854,FALSE
"MORAINE STATE PARK","PA00273","72h","gpa",-5.96,5.96,FALSE
"BEARDSLEY","CA00263","24h","gev",-0.017,0.017,TRUE
"BEARDSLEY","CA00263","24h","gno",-1.068,1.068,TRUE
"BEARDSLEY","CA00263","24h","pe3",-3.162,3.162,FALSE
"BEARDSLEY","CA00263","24h","glo",3.784,3.784,FALSE
"BEARDSLEY","CA00263","24h","gpa",-8.958,8.958,FALSE
"BEARDSLEY","CA00263","72h","gev",0.344,0.344,TRUE
"BEARDSLEY","CA00263","72h","gno",-0.878,0.878,TRUE
"BEARDSLEY","CA00263","72h","pe3",-3.192,3.192,FALSE
"BEARDSLEY","CA00263","72h","glo",3.843,3.843,FALSE
"BEARDSLEY","CA00263","72h","gpa",-8.097,8.097,FALSE
"CALAVERAS CREEK DAM","TX01448","24h","gev",-0.469,0.469,TRUE
"CALAVERAS CREEK DAM","TX01448","24h","gno",-0.931,0.931,TRUE
"CALAVERAS CREEK DAM","TX01448","24h","glo",1.11,1.11,TRUE
"CALAVERAS CREEK DAM","TX01448","24h","pe3",-1.839,1.839,FALSE
"CALAVERAS CREEK DAM","TX01448","24h","gpa",-4.203,4.203,FALSE
"CALAVERAS CREEK DAM","TX01448","72h","gev",-0.517,0.517,TRUE
"CALAVERAS CREEK DAM","TX01448","72h","gno",-0.991,0.991,TRUE
"CALAVERAS CREEK DAM","TX01448","72h","glo",1.025,1.025,TRUE
"CALAVERAS CREEK DAM","TX01448","72h","pe3",-1.912,1.912,FALSE
"CALAVERAS CREEK DAM","TX01448","72h","gpa",-4.186,4.186,FALSE
"WILLIAMS FORK MAIN","CO00717","24h","glo",-1.203,1.203,TRUE
"WILLIAMS FORK MAIN","CO00717","24h","gev",-3.184,3.184,FALSE
"WILLIAMS FORK MAIN","CO00717","24h","gno",-4.328,4.328,FALSE
"WILLIAMS FORK MAIN","CO00717","24h","pe3",-6.364,6.364,FALSE
"WILLIAMS FORK MAIN","CO00717","24h","gpa",-8.317,8.317,FALSE
"WILLIAMS FORK MAIN","CO00717","72h","glo",-1.667,1.667,FALSE
"WILLIAMS FORK MAIN","CO00717","72h","gev",-3.156,3.156,FALSE
"WILLIAMS FORK MAIN","CO00717","72h","gno",-4.319,4.319,FALSE
"WILLIAMS FORK MAIN","CO00717","72h","pe3",-6.357,6.357,FALSE
"WILLIAMS FORK MAIN","CO00717","72h","gpa",-7.236,7.236,FALSE
"BEAR VALLEY","CA00757","24h","gev",0.411,0.411,TRUE
"BEAR VALLEY","CA00757","24h","gno",-0.794,0.794,TRUE
"BEAR VALLEY","CA00757","24h","pe3",-3.117,3.117,FALSE
"BEAR VALLEY","CA00757","24h","glo",4.19,4.19,FALSE
"BEAR VALLEY","CA00757","24h","gpa",-8.61,8.61,FALSE
"BEAR VALLEY","CA00757","72h","gno",1.241,1.241,TRUE
"BEAR VALLEY","CA00757","72h","pe3",-1.606,1.606,TRUE
"BEAR VALLEY","CA00757","72h","gev",2.802,2.802,FALSE
"BEAR VALLEY","CA00757","72h","gpa",-5.806,5.806,FALSE
"BEAR VALLEY","CA00757","72h","glo",6.253,6.253,FALSE
"GILBOA DAM","NY00176","24h","pe3",0.404,0.404,TRUE
"GILBOA DAM","NY00176","24h","gno",1.092,1.092,TRUE
"GILBOA DAM","NY00176","24h","gev",1.438,1.438,TRUE
"GILBOA DAM","NY00176","24h","gpa",-1.483,1.483,TRUE
"GILBOA DAM","NY00176","24h","glo",2.679,2.679,FALSE
"GILBOA DAM","NY00176","72h","gev",0.094,0.094,TRUE
"GILBOA DAM","NY00176","72h","gno",-0.304,0.304,TRUE
"GILBOA DAM","NY00176","72h","glo",1.013,1.013,TRUE
"GILBOA DAM","NY00176","72h","pe3",-1.034,1.034,TRUE
"GILBOA DAM","NY00176","72h","gpa",-2.184,2.184,FALSE
"WILD HORSE DAM","NV10119","24h","gev",-1.63,1.63,TRUE
"WILD HORSE DAM","NV10119","24h","gno",-2.144,2.144,FALSE
"WILD HORSE DAM","NV10119","24h","glo",2.53,2.53,FALSE
"WILD HORSE DAM","NV10119","24h","pe3",-3.525,3.525,FALSE
"WILD HORSE DAM","NV10119","24h","gpa",-10.859,10.859,FALSE
"WILD HORSE DAM","NV10119","72h","glo",2.142,2.142,FALSE
"WILD HORSE DAM","NV10119","72h","gev",-2.171,2.171,FALSE
"WILD HORSE DAM","NV10119","72h","gno",-2.63,2.63,FALSE
"WILD HORSE DAM","NV10119","72h","pe3",-3.964,3.964,FALSE
"WILD HORSE DAM","NV10119","72h","gpa",-11.671,11.671,FALSE
"MINIDOKA","ID00275","24h","gev",-1.287,1.287,TRUE
"MINIDOKA","ID00275","24h","gno",-2.189,2.189,FALSE
"MINIDOKA","ID00275","24h","glo",3.231,3.231,FALSE
"MINIDOKA","ID00275","24h","pe3",-4.166,4.166,FALSE
"MINIDOKA","ID00275","24h","gpa",-11.617,11.617,FALSE
"MINIDOKA","ID00275","72h","gno",0.212,0.212,TRUE
"MINIDOKA","ID00275","72h","gev",1.139,1.139,TRUE
"MINIDOKA","ID00275","72h","pe3",-1.93,1.93,FALSE
"MINIDOKA","ID00275","72h","glo",6.501,6.501,FALSE
"MINIDOKA","ID00275","72h","gpa",-10.993,10.993,FALSE
"LAKE FRANCES NORTH DAM","MT01484","24h","gev",0.307,0.307,TRUE
"LAKE FRANCES NORTH DAM","MT01484","24h","gno",-0.929,0.929,TRUE
"LAKE FRANCES NORTH DAM","MT01484","24h","pe3",-3.337,3.337,FALSE
"LAKE FRANCES NORTH DAM","MT01484","24h","glo",4.373,4.373,FALSE
"LAKE FRANCES NORTH DAM","MT01484","24h","gpa",-9.351,9.351,FALSE
"LAKE FRANCES NORTH DAM","MT01484","72h","gev",0.053,0.053,TRUE
"LAKE FRANCES NORTH DAM","MT01484","72h","gno",-1.346,1.346,TRUE
"LAKE FRANCES NORTH DAM","MT01484","72h","pe3",-3.998,3.998,FALSE
"LAKE FRANCES NORTH DAM","MT01484","72h","glo",4.059,4.059,FALSE
"LAKE FRANCES NORTH DAM","MT01484","72h","gpa",-9.61,9.61,FALSE
"BOUNDARY","WA00009","24h","gev",-0.444,0.444,TRUE
"BOUNDARY","WA00009","24h","gno",-1.157,1.157,TRUE
"BOUNDARY","WA00009","24h","pe3",-2.721,2.721,FALSE
"BOUNDARY","WA00009","24h","glo",3.143,3.143,FALSE
"BOUNDARY","WA00009","24h","gpa",-8.643,8.643,FALSE
"BOUNDARY","WA00009","72h","glo",1.728,1.728,FALSE
"BOUNDARY","WA00009","72h","gev",-1.948,1.948,FALSE
"BOUNDARY","WA00009","72h","gno",-2.438,2.438,FALSE
"BOUNDARY","WA00009","72h","pe3",-3.705,3.705,FALSE
"BOUNDARY","WA00009","72h","gpa",-10.137,10.137,FALSE
"LEESVILLE","VA14301","24h","glo",1.629,1.629,TRUE
"LEESVILLE","VA14301","24h","gev",-2.087,2.087,FALSE
"LEESVILLE","VA14301","24h","gno",-3.055,3.055,FALSE
"LEESVILLE","VA14301","24h","pe3",-5.012,5.012,FALSE
"LEESVILLE","VA14301","24h","gpa",-10.777,10.777,FALSE
"LEESVILLE","VA14301","72h","gev",-1.006,1.006,TRUE
"LEESVILLE","VA14301","72h","gno",-1.819,1.819,FALSE
"LEESVILLE","VA14301","72h","glo",3.221,3.221,FALSE
"LEESVILLE","VA14301","72h","pe3",-3.625,3.625,FALSE
"LEESVILLE","VA14301","72h","gpa",-10.645,10.645,FALSE
"LITTLE GRASS VALLEY","CA00269","24h","gev",-0.604,0.604,TRUE
"LITTLE GRASS VALLEY","CA00269","24h","gno",-1.533,1.533,TRUE
"LITTLE GRASS VALLEY","CA00269","24h","pe3",-3.595,3.595,FALSE
"LITTLE GRASS VALLEY","CA00269","24h","glo",4.215,4.215,FALSE
"LITTLE GRASS VALLEY","CA00269","24h","gpa",-11.595,11.595,FALSE
"LITTLE GRASS VALLEY","CA00269","72h","gev",-1.243,1.243,TRUE
"LITTLE GRASS VALLEY","CA00269","72h","gno",-2.48,2.48,FALSE
"LITTLE GRASS VALLEY","CA00269","72h","glo",2.995,2.995,FALSE
"LITTLE GRASS VALLEY","CA00269","72h","pe3",-4.911,4.911,FALSE
"LITTLE GRASS VALLEY","CA00269","72h","gpa",-11.267,11.267,FALSE
"NORTH HARTLAND DAM","VT00002","24h","gev",-0.026,0.026,TRUE
"NORTH HARTLAND DAM","VT00002","24h","gno",-0.568,0.568,TRUE
"NORTH HARTLAND DAM","VT00002","24h","glo",1.102,1.102,TRUE
"NORTH HARTLAND DAM","VT00002","24h","pe3",-1.55,1.55,TRUE
"NORTH HARTLAND DAM","VT00002","24h","gpa",-2.864,2.864,FALSE
"NORTH HARTLAND DAM","VT00002","72h","glo",0.45,0.45,TRUE
"NORTH HARTLAND DAM","VT00002","72h","gev",-0.643,0.643,TRUE
"NORTH HARTLAND DAM","VT00002","72h","gno",-1.124,1.124,TRUE
"NORTH HARTLAND DAM","VT00002","72h","pe3",-2.004,2.004,FALSE
"NORTH HARTLAND DAM","VT00002","72h","gpa",-3.36,3.36,FALSE
"RIVERSIDE","CO00112","24h","pe3",-0.533,0.533,TRUE
"RIVERSIDE","CO00112","24h","gno",0.788,0.788,TRUE
"RIVERSIDE","CO00112","24h","gev",1.357,1.357,TRUE
"RIVERSIDE","CO00112","24h","glo",4.691,4.691,FALSE
"RIVERSIDE","CO00112","24h","gpa",-6.182,6.182,FALSE
"RIVERSIDE","CO00112","72h","pe3",0.398,0.398,TRUE
"RIVERSIDE","CO00112","72h","gno",1.322,1.322,TRUE
"RIVERSIDE","CO00112","72h","gev",1.495,1.495,TRUE
"RIVERSIDE","CO00112","72h","glo",5.549,5.549,FALSE
"RIVERSIDE","CO00112","72h","gpa",-7.192,7.192,FALSE
"MAHONING CREEK DAM","PA00107","24h","gev",-0.857,0.857,TRUE
"MAHONING CREEK DAM","PA00107","24h","glo",1.642,1.642,FALSE
"MAHONING CREEK DAM","PA00107","24h","gno",-1.686,1.686,FALSE
"MAHONING CREEK DAM","PA00107","24h","pe3",-3.272,3.272,FALSE
"MAHONING CREEK DAM","PA00107","24h","gpa",-6.85,6.85,FALSE
"MAHONING CREEK DAM","PA00107","72h","gno",-0.218,0.218,TRUE
"MAHONING CREEK DAM","PA00107","72h","gev",0.542,0.542,TRUE
"MAHONING CREEK DAM","PA00107","72h","pe3",-1.766,1.766,FALSE
"MAHONING CREEK DAM","PA00107","72h","glo",3.544,3.544,FALSE
"MAHONING CREEK DAM","PA00107","72h","gpa",-6.459,6.459,FALSE
"UNION CITY DAM","PA00103","24h","glo",-2.013,2.013,FALSE
"UNION CITY DAM","PA00103","24h","gev",-3.498,3.498,FALSE
"UNION CITY DAM","PA00103","24h","gno",-3.546,3.546,FALSE
"UNION CITY DAM","PA00103","24h","pe3",-3.865,3.865,FALSE
"UNION CITY DAM","PA00103","24h","gpa",-6.665,6.665,FALSE
"UNION CITY DAM","PA00103","72h","glo",-0.916,0.916,TRUE
"UNION CITY DAM","PA00103","72h","gev",-2.323,2.323,FALSE
"UNION CITY DAM","PA00103","72h","gno",-2.417,2.417,FALSE
"UNION CITY DAM","PA00103","72h","pe3",-2.779,2.779,FALSE
"UNION CITY DAM","PA00103","72h","gpa",-5.371,5.371,FALSE
"DEWEY DAM","KY03029","24h","gev",-1.32,1.32,TRUE
"DEWEY DAM","KY03029","24h","glo",1.751,1.751,FALSE
"DEWEY DAM","KY03029","24h","gno",-2.011,2.011,FALSE
"DEWEY DAM","KY03029","24h","pe3",-3.467,3.467,FALSE
"DEWEY DAM","KY03029","24h","gpa",-8.41,8.41,FALSE
"DEWEY DAM","KY03029","72h","glo",0.736,0.736,TRUE
"DEWEY DAM","KY03029","72h","gev",-2.369,2.369,FALSE
"DEWEY DAM","KY03029","72h","gno",-2.914,2.914,FALSE
"DEWEY DAM","KY03029","72h","pe3",-4.165,4.165,FALSE
"DEWEY DAM","KY03029","72h","gpa",-9.403,9.403,FALSE
"LAKE COLORADO CITY DAM","TX01693","24h","gev",-0.589,0.589,TRUE
"LAKE COLORADO CITY DAM","TX01693","24h","gno",-2.015,2.015,FALSE
"LAKE COLORADO CITY DAM","TX01693","24h","glo",3.229,3.229,FALSE
"LAKE COLORADO CITY DAM","TX01693","24h","pe3",-4.686,4.686,FALSE
"LAKE COLORADO CITY DAM","TX01693","24h","gpa",-9.874,9.874,FALSE
"LAKE COLORADO CITY DAM","TX01693","72h","gev",0.008,0.008,TRUE
"LAKE COLORADO CITY DAM","TX01693","72h","gno",-1.268,1.268,TRUE
"LAKE COLORADO CITY DAM","TX01693","72h","pe3",-3.758,3.758,FALSE
"LAKE COLORADO CITY DAM","TX01693","72h","glo",4.237,4.237,FALSE
"LAKE COLORADO CITY DAM","TX01693","72h","gpa",-10.027,10.027,FALSE
"N SALUDA RESERVOIR DAM","SC00025","24h","gev",-0.763,0.763,TRUE
"N SALUDA RESERVOIR DAM","SC00025","24h","gno",-1.919,1.919,FALSE
"N SALUDA RESERVOIR DAM","SC00025","24h","glo",2.955,2.955,FALSE
"N SALUDA RESERVOIR DAM","SC00025","24h","pe3",-4.161,4.161,FALSE
"N SALUDA RESERVOIR DAM","SC00025","24h","gpa",-9.614,9.614,FALSE
"N SALUDA RESERVOIR DAM","SC00025","72h","glo",-0.434,0.434,TRUE
"N SALUDA RESERVOIR DAM","SC00025","72h","gev",-3.02,3.02,FALSE
"N SALUDA RESERVOIR DAM","SC00025","72h","gno",-4.159,4.159,FALSE
"N SALUDA RESERVOIR DAM","SC00025","72h","pe3",-6.243,6.243,FALSE
"N SALUDA RESERVOIR DAM","SC00025","72h","gpa",-9.448,9.448,FALSE
"BRIDGEPORT","CA00284","24h","gev",-1.318,1.318,TRUE
"BRIDGEPORT","CA00284","24h","gno",-2.206,2.206,FALSE
"BRIDGEPORT","CA00284","24h","glo",2.382,2.382,FALSE
"BRIDGEPORT","CA00284","24h","pe3",-4.041,4.041,FALSE
"BRIDGEPORT","CA00284","24h","gpa",-9.905,9.905,FALSE
"BRIDGEPORT","CA00284","72h","gev",-0.986,0.986,TRUE
"BRIDGEPORT","CA00284","72h","gno",-2.05,2.05,FALSE
"BRIDGEPORT","CA00284","72h","glo",2.519,2.519,FALSE
"BRIDGEPORT","CA00284","72h","pe3",-4.122,4.122,FALSE
"BRIDGEPORT","CA00284","72h","gpa",-9.31,9.31,FALSE
"COLEMAN DAM","TX02152","24h","gev",-0.097,0.097,TRUE
"COLEMAN DAM","TX02152","24h","gno",-1.113,1.113,TRUE
"COLEMAN DAM","TX02152","24h","glo",2.979,2.979,FALSE
"COLEMAN DAM","TX02152","24h","pe3",-3.057,3.057,FALSE
"COLEMAN DAM","TX02152","24h","gpa",-7.468,7.468,FALSE
"COLEMAN DAM","TX02152","72h","gev",-0.041,0.041,TRUE
"COLEMAN DAM","TX02152","72h","gno",-1.057,1.057,TRUE
"COLEMAN DAM","TX02152","72h","pe3",-3.024,3.024,FALSE
"COLEMAN DAM","TX02152","72h","glo",3.196,3.196,FALSE
"COLEMAN DAM","TX02152","72h","gpa",-7.756,7.756,FALSE
"CHAMPION CREEK DAM","TX01691","24h","gev",-0.374,0.374,TRUE
"CHAMPION CREEK DAM","TX01691","24h","gno",-1.811,1.811,FALSE
"CHAMPION CREEK DAM","TX01691","24h","glo",3.446,3.446,FALSE
"CHAMPION CREEK DAM","TX01691","24h","pe3",-4.498,4.498,FALSE
"CHAMPION CREEK DAM","TX01691","24h","gpa",-9.671,9.671,FALSE
"CHAMPION CREEK DAM","TX01691","72h","gev",0.144,0.144,TRUE
"CHAMPION CREEK DAM","TX01691","72h","gno",-1.182,1.182,TRUE
"CHAMPION CREEK DAM","TX01691","72h","pe3",-3.737,3.737,FALSE
"CHAMPION CREEK DAM","TX01691","72h","glo",4.281,4.281,FALSE
"CHAMPION CREEK DAM","TX01691","72h","gpa",-9.737,9.737,FALSE
"HIDDEN DAM","CA10244","24h","gev",-1.041,1.041,TRUE
"HIDDEN DAM","CA10244","24h","gno",-2.042,2.042,FALSE
"HIDDEN DAM","CA10244","24h","glo",2.783,2.783,FALSE
"HIDDEN DAM","CA10244","24h","pe3",-4.063,4.063,FALSE
"HIDDEN DAM","CA10244","24h","gpa",-9.989,9.989,FALSE
"HIDDEN DAM","CA10244","72h","gev",-0.703,0.703,TRUE
"HIDDEN DAM","CA10244","72h","gno",-1.854,1.854,FALSE
"HIDDEN DAM","CA10244","72h","glo",2.62,2.62,FALSE
"HIDDEN DAM","CA10244","72h","pe3",-4.037,4.037,FALSE
"HIDDEN DAM","CA10244","72h","gpa",-8.71,8.71,FALSE
"BIG CREEK DAM NO. 1","CA00434","24h","gev",-0.895,0.895,TRUE
"BIG CREEK DAM NO. 1","CA00434","24h","gno",-1.832,1.832,FALSE
"BIG CREEK DAM NO. 1","CA00434","24h","glo",1.924,1.924,FALSE
"BIG CREEK DAM NO. 1","CA00434","24h","pe3",-3.625,3.625,FALSE
"BIG CREEK DAM NO. 1","CA00434","24h","gpa",-7.656,7.656,FALSE
"BIG CREEK DAM NO. 1","CA00434","72h","gev",-1.241,1.241,TRUE
"BIG CREEK DAM NO. 1","CA00434","72h","glo",1.967,1.967,FALSE
"BIG CREEK DAM NO. 1","CA00434","72h","gno",-2.374,2.374,FALSE
"BIG CREEK DAM NO. 1","CA00434","72h","pe3",-4.516,4.516,FALSE
"BIG CREEK DAM NO. 1","CA00434","72h","gpa",-8.989,8.989,FALSE
"PIKE ISLAND LOCKS & DAM","WV06908","24h","gev",-0.63,0.63,TRUE
"PIKE ISLAND LOCKS & DAM","WV06908","24h","gno",-1.698,1.698,FALSE
"PIKE ISLAND LOCKS & DAM","WV06908","24h","glo",1.842,1.842,FALSE
"PIKE ISLAND LOCKS & DAM","WV06908","24h","pe3",-3.654,3.654,FALSE
"PIKE ISLAND LOCKS & DAM","WV06908","24h","gpa",-6.757,6.757,FALSE
"PIKE ISLAND LOCKS & DAM","WV06908","72h","gno",-0.178,0.178,TRUE
"PIKE ISLAND LOCKS & DAM","WV06908","72h","gev",0.71,0.71,TRUE
"PIKE ISLAND LOCKS & DAM","WV06908","72h","pe3",-1.925,1.925,FALSE
"PIKE ISLAND LOCKS & DAM","WV06908","72h","glo",3.761,3.761,FALSE
"PIKE ISLAND LOCKS & DAM","WV06908","72h","gpa",-6.503,6.503,FALSE
"APPLEGATE","OR00624","24h","gev",-0.456,0.456,TRUE
"APPLEGATE","OR00624","24h","gno",-1.271,1.271,TRUE
"APPLEGATE","OR00624","24h","pe3",-3.107,3.107,FALSE
"APPLEGATE","OR00624","24h","glo",3.953,3.953,FALSE
"APPLEGATE","OR00624","24h","gpa",-10.479,10.479,FALSE
"APPLEGATE","OR00624","72h","gev",-0.976,0.976,TRUE
"APPLEGATE","OR00624","72h","gno",-1.342,1.342,TRUE
"APPLEGATE","OR00624","72h","pe3",-2.65,2.65,FALSE
"APPLEGATE","OR00624","72h","glo",3.899,3.899,FALSE
"APPLEGATE","OR00624","72h","gpa",-11.572,11.572,FALSE
"RIDGWAY","CO02706","24h","gev",-1.587,1.587,TRUE
"RIDGWAY","CO02706","24h","gno",-2.305,2.305,FALSE
"RIDGWAY","CO02706","24h","glo",2.671,2.671,FALSE
"RIDGWAY","CO02706","24h","pe3",-3.982,3.982,FALSE
"RIDGWAY","CO02706","24h","gpa",-11.205,11.205,FALSE
"RIDGWAY","CO02706","72h","glo",1.466,1.466,TRUE
"RIDGWAY","CO02706","72h","gev",-2.9,2.9,FALSE
"RIDGWAY","CO02706","72h","gno",-3.476,3.476,FALSE
"RIDGWAY","CO02706","72h","pe3",-4.973,4.973,FALSE
"RIDGWAY","CO02706","72h","gpa",-12.619,12.619,FALSE
"DIABLO","WA00170","24h","gev",-0.828,0.828,TRUE
"DIABLO","WA00170","24h","gno",-1.503,1.503,TRUE
"DIABLO","WA00170","24h","pe3",-3.115,3.115,FALSE
"DIABLO","WA00170","24h","glo",3.405,3.405,FALSE
"DIABLO","WA00170","24h","gpa",-10.357,10.357,FALSE
"DIABLO","WA00170","72h","gev",-1.886,1.886,FALSE
"DIABLO","WA00170","72h","glo",2.31,2.31,FALSE
"DIABLO","WA00170","72h","gno",-2.453,2.453,FALSE
"DIABLO","WA00170","72h","pe3",-3.91,3.91,FALSE
"DIABLO","WA00170","72h","gpa",-11.239,11.239,FALSE
"ANDERSON","CA00294","24h","gev",-1.176,1.176,TRUE
"ANDERSON","CA00294","24h","glo",1.465,1.465,TRUE
"ANDERSON","CA00294","24h","gno",-1.759,1.759,FALSE
"ANDERSON","CA00294","24h","pe3",-2.995,2.995,FALSE
"ANDERSON","CA00294","24h","gpa",-7.263,7.263,FALSE
"ANDERSON","CA00294","72h","gev",-0.861,0.861,TRUE
"ANDERSON","CA00294","72h","gno",-1.423,1.423,TRUE
"ANDERSON","CA00294","72h","glo",1.926,1.926,FALSE
"ANDERSON","CA00294","72h","pe3",-2.65,2.65,FALSE
"ANDERSON","CA00294","72h","gpa",-7.239,7.239,FALSE
