"config","site","ok","message"
"./config/facilities/NV10122.yml","HOOVER",TRUE,"ok"
"./config/facilities/AZ10307.yml","GLEN CANYON",TRUE,"ok"
"./config/facilities/WA00262.yml","GRAND COULEE",TRUE,"ok"
"./config/facilities/CA10186.yml","SHASTA",TRUE,"ok"
"./config/facilities/UT10121.yml","FLAMING GORGE",TRUE,"ok"
"./config/facilities/MT00565.yml","HUNGRY HORSE",TRUE,"ok"
"./config/facilities/AZ10317.yml","THEODORE ROOSEVELT",TRUE,"ok"
"./config/facilities/NM00129.yml","ELEPHANT BUTTE",TRUE,"ok"
"./config/facilities/CA10196.yml","TRINITY",TRUE,"ok"
"./config/facilities/TX00023.yml","SANFORD",TRUE,"ok"
"./config/facilities/CA10246.yml","NEW MELONES",TRUE,"ok"
"./config/facilities/CA10183.yml","B. F. SISK",TRUE,"ok"
"./config/facilities/NM00120.yml","NAVAJO",TRUE,"ok"
"./config/facilities/CA10170.yml","MONTICELLO",TRUE,"ok"
"./config/facilities/AZ10309.yml","DAVIS BOR",TRUE,"ok"
"./config/facilities/WY01299.yml","BOYSEN",TRUE,"ok"
"./config/facilities/MT00579.yml","TIBER",TRUE,"ok"
"./config/facilities/WA00261.yml","DRY FALLS DAM & POWERPLANT",TRUE,"ok"
"./config/facilities/WA00266.yml","NORTH",TRUE,"ok"
"./config/facilities/OR00582.yml","OWYHEE",TRUE,"ok"
"./config/facilities/KS00021.yml","GLEN ELDER",TRUE,"ok"
"./config/facilities/WY01295.yml","PATHFINDER DIKE",TRUE,"ok"
"./config/facilities/UT10135.yml","BOR SOLDIER CREEK",TRUE,"ok"
"./config/facilities/WY01486.yml","GLENDO DIKE NO. 2",TRUE,"ok"
"./config/facilities/WY01485.yml","GLENDO DIKE NO. 1",TRUE,"ok"
"./config/facilities/WY01487.yml","GLENDO DIKE NO. 3",TRUE,"ok"
"./config/facilities/CA10148.yml","FOLSOM RIGHT WING",TRUE,"ok"
"./config/facilities/WY01291.yml","GLENDO DIKE NO. 1",TRUE,"ok"
"./config/facilities/TX00022.yml","TWIN BUTTES",TRUE,"ok"
"./config/facilities/TX04425.yml","CHOKE CANYON DAM",TRUE,"ok"
"./config/facilities/AZ82929.yml","NEW WADDELL",TRUE,"ok"
"./config/facilities/WY01297.yml","SEMINOE",TRUE,"ok"
"./config/facilities/WY01296.yml","PATHFINDER DIKE",TRUE,"ok"
"./config/facilities/NM00500.yml","BRANTLEY",TRUE,"ok"
"./config/facilities/CO01675.yml","BLUE MESA",TRUE,"ok"
"./config/facilities/OR00557.yml","UPPER KLAMATH LAKE",TRUE,"ok"
"./config/facilities/WY01385.yml","JACKSON LAKE",TRUE,"ok"
"./config/facilities/OK02503.yml","FOSS RESERVOIR",TRUE,"ok"
"./config/facilities/CA10162.yml","LAKE TAHOE",TRUE,"ok"
"./config/facilities/KS00019.yml","CEDAR BLUFF",TRUE,"ok"
"./config/facilities/WA00274.yml","CLE ELUM DAM",TRUE,"ok"
"./config/facilities/WY01300.yml","BUFFALO BILL",TRUE,"ok"
"./config/facilities/WY01380.yml","KEYHOLE",TRUE,"ok"
"./config/facilities/CA10141.yml","CLEAR LAKE DIKE 1",TRUE,"ok"
"./config/facilities/KS00017.yml","CHENEY",TRUE,"ok"
"./config/facilities/WA00268.yml","OSULLIVAN",TRUE,"ok"
"./config/facilities/CO01656.yml","GRANBY",TRUE,"ok"
"./config/facilities/CO00299.yml","PUEBLO",TRUE,"ok"
"./config/facilities/CA10154.yml","FRIANT",TRUE,"ok"
"./config/facilities/KS00022.yml","KIRWIN",TRUE,"ok"
"./config/facilities/ID00279.yml","ANDERSON RANCH",TRUE,"ok"
"./config/facilities/CO01688.yml","LEMON",TRUE,"ok"
"./config/facilities/SD01141.yml","SHADEHILL DIKE NO. 2",TRUE,"ok"
"./config/facilities/NM00122.yml","HERON",TRUE,"ok"
"./config/facilities/WY01389.yml","FONTENELLE",TRUE,"ok"
"./config/facilities/KS00025.yml","WEBSTER",TRUE,"ok"
"./config/facilities/CO02707.yml","MCPHEE",TRUE,"ok"
"./config/facilities/CA10197.yml","TWITCHELL",TRUE,"ok"
"./config/facilities/OR00581.yml","EMIGRANT",TRUE,"ok"
"./config/facilities/ND00151.yml","JAMESTOWN DAM",TRUE,"ok"
"./config/facilities/NM00131.yml","CABALLO",TRUE,"ok"
"./config/facilities/UT10204.yml","BOR JORDANELLE",TRUE,"ok"
"./config/facilities/OK02504.yml","NORMAN",TRUE,"ok"
"./config/facilities/NE01078.yml","TRENTON DAM",TRUE,"ok"
"./config/facilities/CO01300.yml","BONNY",TRUE,"ok"
"./config/facilities/MT00569.yml","CLARK CANYON",TRUE,"ok"
"./config/facilities/OK02502.yml","FT COBB LAKE",TRUE,"ok"
"./config/facilities/OK82908.yml",NA,FALSE,"Need at least 5 stations to form a region; have 0."
"./config/facilities/CA10139.yml","CASITAS",TRUE,"ok"
"./config/facilities/AZ10311.yml","HORSE MESA",TRUE,"ok"
"./config/facilities/AZ10308.yml","BARTLETT",TRUE,"ok"
"./config/facilities/WA00260.yml","KACHESS DAM",TRUE,"ok"
"./config/facilities/CA10204.yml","WHISKEYTOWN",TRUE,"ok"
"./config/facilities/OR00579.yml","ARTHUR R. BOWMAN",TRUE,"ok"
"./config/facilities/NM00130.yml","SUMNER",TRUE,"ok"
"./config/facilities/CA10192.yml","STAMPEDE",TRUE,"ok"
"./config/facilities/OK02501.yml","ARBUCKLE",TRUE,"ok"
"./config/facilities/UT10112.yml","BOR ARTHUR V WATKINS",TRUE,"ok"
"./config/facilities/ID00275.yml","MINIDOKA SOUTH DIKE",TRUE,"ok"
"./config/facilities/OR00276.yml","WICKIUP RESERVOIR (USBR)",TRUE,"ok"
"./config/facilities/AZ10310.yml","HORSESHOE",TRUE,"ok"
"./config/facilities/OR00082.yml","WARM SPRINGS RES. (USBR)",TRUE,"ok"
"./config/facilities/NM10008.yml","EL VADO",TRUE,"ok"
"./config/facilities/CA10136.yml","BRADBURY",TRUE,"ok"
"./config/facilities/WA00273.yml","TIETON DAM",TRUE,"ok"
"./config/facilities/OR10022.yml","WICKIUP",TRUE,"ok"
"./config/facilities/NV10124.yml","RYE PATCH",TRUE,"ok"
"./config/facilities/OK20502.yml","WEST DIKE",TRUE,"ok"
"./config/facilities/NE01073.yml","MEDICINE CREEK",TRUE,"ok"
"./config/facilities/KS00024.yml","NORTON",TRUE,"ok"
"./config/facilities/ID00276.yml","DEER FLAT UPPER",TRUE,"ok"
"./config/facilities/UT10136.yml","STARVATION",TRUE,"ok"
"./config/facilities/KS00023.yml","LOVEWELL",TRUE,"ok"
"./config/facilities/WY01290.yml","ALCOVA",TRUE,"ok"
"./config/facilities/AZ10312.yml","PARKER",TRUE,"ok"
"./config/facilities/NE02287.yml","VIRGINIA SMITH DAM",TRUE,"ok"
"./config/facilities/WA00265.yml","KEECHELUS DAM",TRUE,"ok"
"./config/facilities/CO01659.yml","HORSETOOTH",TRUE,"ok"
"./config/facilities/ID00272.yml","ISLAND PARK",TRUE,"ok"
"./config/facilities/OK02500.yml","LAKE ALTUS",TRUE,"ok"
"./config/facilities/WY01378.yml","BULL LAKE",TRUE,"ok"
"./config/facilities/NE01076.yml","RED WILLOW",TRUE,"ok"
"./config/facilities/CO01658.yml","GREEN MOUNTAIN",TRUE,"ok"
"./config/facilities/CA10159.yml","IMPERIAL DIVERSION",TRUE,"ok"
"./config/facilities/UT10117.yml","BOR DEER CREEK",TRUE,"ok"
"./config/facilities/CO01669.yml","SUGARLOAF",TRUE,"ok"
"./config/facilities/CO02045.yml","TWIN LAKES",TRUE,"ok"
"./config/facilities/SD01139.yml","PACTOLA DIKE #2",TRUE,"ok"
"./config/facilities/CO01695.yml","VALLECITO",TRUE,"ok"
"./config/facilities/OR00584.yml","GERBER RESERVOR",TRUE,"ok"
"./config/facilities/CO01689.yml","MORROW POINT",TRUE,"ok"
"./config/facilities/CO01664.yml","RUEDI",TRUE,"ok"
"./config/facilities/CO00151.yml","TAYLOR PARK",TRUE,"ok"
"./config/facilities/CO01650.yml","CARTER LAKE DAM NO. 1",TRUE,"ok"
"./config/facilities/UT10132.yml","BOR PINEVIEW",TRUE,"ok"
"./config/facilities/OR00577.yml","MASON DAM",TRUE,"ok"
"./config/facilities/ID00344.yml","RIRIE",TRUE,"ok"
"./config/facilities/NE01070.yml","ENDERS DAM",TRUE,"ok"
"./config/facilities/CO02706.yml","RIDGWAY",TRUE,"ok"
"./config/facilities/UT10133.yml","SCOFIELD",TRUE,"ok"
"./config/facilities/MT00574.yml","NELSON DIKE DA",TRUE,"ok"
"./config/facilities/NE01074.yml","MERRITT DAM",TRUE,"ok"
"./config/facilities/OR00580.yml","HOWARD PRAIRIE",TRUE,"ok"
"./config/facilities/WA00269.yml","PINTO DAM",TRUE,"ok"
"./config/facilities/ND00149.yml","HEART BUTTE",TRUE,"ok"
"./config/facilities/UT10131.yml","BOR WANSHIP",TRUE,"ok"
"./config/facilities/UT10120.yml","ECHO",TRUE,"ok"
"./config/facilities/CO01671.yml","PLATORO",TRUE,"ok"
"./config/facilities/UT10124.yml","JOES VALLEY",TRUE,"ok"
"./config/facilities/AZ10318.yml","STEWART MOUNTAIN",TRUE,"ok"
"./config/facilities/OR00279.yml","CRANE PRAIRIE",TRUE,"ok"
"./config/facilities/OR00589.yml","AGENCY VALLEY",TRUE,"ok"
"./config/facilities/OR00098.yml","OCHOCO",TRUE,"ok"
"./config/facilities/CA10171.yml","ONEILL FOREBAY DIKE",TRUE,"ok"
"./config/facilities/OR10020.yml","SCOGGINS",TRUE,"ok"
"./config/facilities/NE01075.yml","MINATARE",TRUE,"ok"
"./config/facilities/OR00685.yml","SCOGGINS",TRUE,"ok"
"./config/facilities/UT10119.yml","EAST CANYON",TRUE,"ok"
"./config/facilities/AZ10313.yml","MORMON FLAT",TRUE,"ok"
"./config/facilities/WY01387.yml","BIG SANDY",TRUE,"ok"
"./config/facilities/CA10145.yml","EAST PARK DAM",TRUE,"ok"
"./config/facilities/OR00590.yml","COLD SPRINGS RES. (USBR)",TRUE,"ok"
"./config/facilities/CA10167.yml","LOS BANOS CREEK DETENTION DAM",TRUE,"ok"
"./config/facilities/CA10194.yml","STONY GORGE",TRUE,"ok"
"./config/facilities/WA00128.yml","MOSES LAKE SOUTH DAM",TRUE,"ok"
"./config/facilities/UT10128.yml","MOON LAKE",TRUE,"ok"
"./config/facilities/NE01069.yml","BOX BUTTE",TRUE,"ok"
"./config/facilities/MT00575.yml","PISHKUN DIKE 1",TRUE,"ok"
"./config/facilities/WY01293.yml","GUERNSEY",TRUE,"ok"
"./config/facilities/NE02342.yml","DAVIS CREEK",TRUE,"ok"
"./config/facilities/SD01138.yml","DEERFIELD",TRUE,"ok"
"./config/facilities/CA10135.yml","BOCA",TRUE,"ok"
"./config/facilities/MT00564.yml","COMO",TRUE,"ok"
"./config/facilities/UT10113.yml","BOR STEINAKER",TRUE,"ok"
"./config/facilities/CO01697.yml","VEGA",TRUE,"ok"
"./config/facilities/MT00577.yml","WILLOW CREEK BOR MT - DIKE 5",TRUE,"ok"
"./config/facilities/OR00578.yml","BULLY CREEK",TRUE,"ok"
"./config/facilities/ND00148.yml","DICKINSON DAM",TRUE,"ok"
"./config/facilities/WY01390.yml","MEEKS CABIN",TRUE,"ok"
"./config/facilities/WA00263.yml","BUMPING LAKE DAM",TRUE,"ok"
"./config/facilities/WY01381.yml","PILOT BUTTE",TRUE,"ok"
"./config/facilities/UT00608.yml","UPPER STILLWATER",TRUE,"ok"
"./config/facilities/UT82901.yml","RED FLEET",TRUE,"ok"
"./config/facilities/UT10155.yml","BOR RED FLEET",TRUE,"ok"
"./config/facilities/OR00022.yml","FOUR MILE LAKE DAM (USBR)",TRUE,"ok"
"./config/facilities/CO00387.yml","CRYSTAL",TRUE,"ok"
"./config/facilities/ID00282.yml","BLACK CANYON DIVERSION",TRUE,"ok"
"./config/facilities/CA10179.yml","PROSSER CREEK",TRUE,"ok"
"./config/facilities/OR00593.yml","UNITY",TRUE,"ok"
"./config/facilities/UT10125.yml","BOR LOST CREEK (MORGAN)",TRUE,"ok"
"./config/facilities/OR00592.yml","THIEF VALLEY RES.",TRUE,"ok"
"./config/facilities/CA10160.yml","KESWICK",TRUE,"ok"
"./config/facilities/OR10013.yml","HYATT",TRUE,"ok"
"./config/facilities/CO00556.yml","CRAWFORD",TRUE,"ok"
"./config/facilities/CO01691.yml","PAONIA",TRUE,"ok"
"./config/facilities/WY01298.yml","ANCHOR",TRUE,"ok"
"./config/facilities/NM00132.yml","AVALON",TRUE,"ok"
"./config/facilities/OR00591.yml","HYATT RESERVOIR",TRUE,"ok"
"./config/facilities/AZ00021.yml","CC CRAGIN",TRUE,"ok"
"./config/facilities/UT10123.yml","HYRUM",TRUE,"ok"
"./config/facilities/CO01666.yml","SHADOW MOUNTAIN",TRUE,"ok"
"./config/facilities/WA00291.yml","SALMON LAKE",TRUE,"ok"
"./config/facilities/UT10149.yml","CURRANT CREEK",TRUE,"ok"
"./config/facilities/WA00259.yml","CONCONULLY",TRUE,"ok"
"./config/facilities/WY01384.yml","GRASSY LAKE",TRUE,"ok"
"./config/facilities/OR00326.yml","WASCO DAM",TRUE,"ok"
"./config/facilities/OR10011.yml","FOURMILE LAKE",TRUE,"ok"
"./config/facilities/CO01693.yml","SILVER JACK",TRUE,"ok"
"./config/facilities/ID00285.yml","MANN CREEK",TRUE,"ok"
"./config/facilities/NE01072.yml","LAKE ALICE NO. 1",TRUE,"ok"
"./config/facilities/WA00267.yml","NORTH SCOOTENEY DIKE",TRUE,"ok"
"./config/facilities/WA00566.yml","SCOOTENEY RESERVOIR OUTLET DAM",TRUE,"ok"
"./config/facilities/WA82908.yml","SCOOTENEY DIKE 1",TRUE,"ok"
"./config/facilities/CA10165.yml","LEWISTON",TRUE,"ok"
"./config/facilities/CO01670.yml","WILLOW CREEK",TRUE,"ok"
"./config/facilities/WA00272.yml","SPECTACLE LAKE DIKE",TRUE,"ok"
"./config/facilities/UT10156.yml","BOR STATELINE SUMMIT CO.",TRUE,"ok"
"./config/facilities/CA10185.yml","SENATOR WASH",TRUE,"ok"
"./config/facilities/NE01071.yml","LAKE ALICE LOWER DAM (NO 1 1-2)",TRUE,"ok"
"./config/facilities/CA10166.yml","LITTLE PANOCHE DETENTION",TRUE,"ok"
"./config/facilities/WY01388.yml","EDEN DIKE 1",TRUE,"ok"
"./config/facilities/CA10323.yml","SAN JUSTO",TRUE,"ok"
"./config/facilities/CO00446.yml","MT. ELBERT FOREBAY",TRUE,"ok"
"./config/facilities/AZ82914.yml","REACH 11 DETENTION DIKE 4",TRUE,"ok"
"./config/facilities/MT00743.yml","HELENA VALLEY",TRUE,"ok"
"./config/facilities/WA00271.yml","SODA LAKE DIKE",TRUE,"ok"
"./config/facilities/CO01685.yml","JACKSON GULCH",TRUE,"ok"
"./config/facilities/OR00021.yml","FISH LAKE",TRUE,"ok"
"./config/facilities/CA10174.yml","NIMBUS",TRUE,"ok"
"./config/facilities/UT10116.yml","BOR CAUSEY",TRUE,"ok"
"./config/facilities/CA10362.yml","WARREN H. BROCK DIKES",TRUE,"ok"
"./config/facilities/WA00537.yml","EAGLE LAKE DAM",TRUE,"ok"
"./config/facilities/CO01683.yml","FRUITGROWERS",TRUE,"ok"
"./config/facilities/OR00287.yml","HAYSTACK",TRUE,"ok"
"./config/facilities/TX07247.yml","UPPER SAN MARCOS RIVER WS NRCS SITE 5 DAM",TRUE,"ok"
"./config/facilities/CA10190.yml","SPRING CREEK DEBRIS",TRUE,"ok"
"./config/facilities/WY01302.yml","LAKE CAMEAHWAIT",TRUE,"ok"
"./config/facilities/UT10129.yml","BOR NEWTON",TRUE,"ok"
"./config/facilities/WA00346.yml","PEC 66.0 HYDRO POWER PLANT",TRUE,"ok"
"./config/facilities/UT10122.yml","BOR HUNTINGTON NORTH",TRUE,"ok"
"./config/facilities/OR00422.yml","AGATE DAM",TRUE,"ok"
"./config/facilities/WA00276.yml","EASTON DIVERSION",TRUE,"ok"
"./config/facilities/SD01143.yml",NA,FALSE,"Need at least 5 stations to form a region; have 3."
"./config/facilities/WY01294.yml","KORTES",TRUE,"ok"
"./config/facilities/UT00315.yml","BOR WASHINGTON LAKE",TRUE,"ok"
"./config/facilities/CA10181.yml","RED BLUFF DIVERSION",TRUE,"ok"
"./config/facilities/WA00073.yml","PATTERSON LAKE DAM",TRUE,"ok"
"./config/facilities/ID00261.yml","RESERVOIR A",TRUE,"ok"
"./config/facilities/WA00264.yml","CLEAR CREEK DAM",TRUE,"ok"
"./config/facilities/WA00321.yml","WAPATO LAKE DAM",TRUE,"ok"
"./config/facilities/CA10143.yml","CONTRA LOMA",TRUE,"ok"
"./config/facilities/ID10002.yml","SOLDIERS MEADOW",TRUE,"ok"
"./config/facilities/CO01662.yml","OLYMPUS",TRUE,"ok"
"./config/facilities/WA00081.yml","ANTILON LAKE DAM",TRUE,"ok"
"./config/facilities/NM00412.yml","NAMBE FALLS",TRUE,"ok"
"./config/facilities/NE00732.yml","SEMLER DAM",TRUE,"ok"
"./config/facilities/NV10121.yml","DERBY DIVERSION",TRUE,"ok"
"./config/facilities/CA10245.yml","FUNKS",TRUE,"ok"
"./config/facilities/OR00586.yml","LOST RIVER DIVERSION",TRUE,"ok"
"./config/facilities/CO01663.yml","RATTLESNAKE",TRUE,"ok"
"./config/facilities/UT00301.yml","TRIAL LAKE",TRUE,"ok"
"./config/facilities/WY01382.yml","WILLWOOD DIVERSION",TRUE,"ok"
"./config/facilities/WY00916.yml","SAND MESA NO. 1",TRUE,"ok"
"./config/facilities/OH02253.yml","MERKLE DAM",TRUE,"ok"
"./config/facilities/WY01292.yml","GRAY REEF",TRUE,"ok"
"./config/facilities/AZ10315.yml","LAGUNA DIVERSION",TRUE,"ok"
"./config/facilities/IL50045.yml","UPPER SALT CREEK STRUCTURE 3 DAM",TRUE,"ok"
"./config/facilities/WA00315.yml","LOWER GOOSE LAKE DAM",TRUE,"ok"
"./config/facilities/CO01654.yml","FLATIRON",TRUE,"ok"
"./config/facilities/CA10182.yml","SAN JACINTO",TRUE,"ok"
"./config/facilities/UT00184.yml","BOR LOST LAKE",TRUE,"ok"
"./config/facilities/CA10200.yml","WESTSIDE DETEN DK 3",TRUE,"ok"
"./config/facilities/ND00449.yml",NA,FALSE,"Need at least 5 stations to form a region; have 2."
"./config/facilities/WA00433.yml","FRENCH CANYON DAM",TRUE,"ok"
"./config/facilities/NE03277.yml","LAKE ALICE NO. 2",TRUE,"ok"
"./config/facilities/CO01660.yml","MARYS LAKE DIKE NO. 1",TRUE,"ok"
"./config/facilities/IL50021.yml","UPPER SALT CREEK STRUCTURE 2 DAM",TRUE,"ok"
"./config/facilities/CA10164.yml","LAURO",TRUE,"ok"
"./config/facilities/WY01498.yml","SAND MESA NO. 2",TRUE,"ok"
"./config/facilities/IL50054.yml","UPPER SALT CREEK STRUCTURE 4 DAM",TRUE,"ok"
"./config/facilities/WY01379.yml","DEAVER",TRUE,"ok"
"./config/facilities/CA10180.yml","PUTAH DIV",TRUE,"ok"
"./config/facilities/WA01374.yml","SUMMER FALLS HYDRO POWER PLANT",TRUE,"ok"
"./config/facilities/AZ10316.yml","GRANITE REEF DIVERSION",TRUE,"ok"
"./config/facilities/WA82901.yml","FRENCH CANYON",TRUE,"ok"
"./config/facilities/CA10156.yml","GLEN ANNE",TRUE,"ok"
"./config/facilities/CA10199.yml","WEST SIDE DETENTION DIKE NO. 2",TRUE,"ok"
"./config/facilities/WY01288.yml","MIDDLE COTTONWOOD",TRUE,"ok"
"./config/facilities/MT00567.yml","ANITA",TRUE,"ok"
"./config/facilities/WY02102.yml","WETLANDS NO. 6",TRUE,"ok"
"./config/facilities/NM00009.yml","PERCHA DIVERSION",TRUE,"ok"
"./config/facilities/OR00587.yml","MALONE DIVERSION DAM",TRUE,"ok"
"./config/facilities/WA00629.yml","UPPER WHEELER SADDLE DAM",TRUE,"ok"
"./config/facilities/OR00585.yml","ANDERSON-ROSE DIV.",TRUE,"ok"
"./config/facilities/WA00553.yml","WB5 WASTEWAY DETENTION DAM",TRUE,"ok"
"./config/facilities/WY01383.yml","WIND RIVER DIVERSION",TRUE,"ok"
"./config/facilities/OR00031.yml","KEENE CREEK DIVERSION",TRUE,"ok"
"./config/facilities/WA01378.yml","PROSSER DIVERSION",TRUE,"ok"
"./config/facilities/WY02121.yml","PETERSON AREA-OCEAN LAKE HABITAT UNIT",TRUE,"ok"
"./config/facilities/CA10168.yml","MARTINEZ",TRUE,"ok"
"./config/facilities/WA00244.yml","PEC 22.7 HYDRO POWER PLANT",TRUE,"ok"
"./config/facilities/OR00588.yml","THREE MILES FALLS (DIV.)",TRUE,"ok"
"./config/facilities/MT82919.yml","BARRETTS DIVERSION",TRUE,"ok"
"./config/facilities/ND00577.yml","CHERRY LAKE WDA-3 DIKE 3",TRUE,"ok"
"./config/facilities/CO02317.yml","MIDDLEMIST",TRUE,"ok"
"./config/facilities/CA01397.yml","BRICK FLAT PIT CONTAINMENT",TRUE,"ok"
"./config/facilities/ND00442.yml","PIPESTONE WILD DEV POND 1",TRUE,"ok"
"./config/facilities/WY01301.yml","UPPER COTTONWOOD",TRUE,"ok"
"./config/facilities/NM00007.yml","LEASBURG DIVERSION",TRUE,"ok"
"./config/facilities/WA00482.yml","PEC 1973 POWER PLANT",TRUE,"ok"
"./config/facilities/ND00438.yml","INDIAN HILLS WDA S.1130.4",TRUE,"ok"
"./config/facilities/CA10195.yml","TERMINAL",TRUE,"ok"
"./config/facilities/CA10359.yml","RAINBOW DIVERSION",TRUE,"ok"
"./config/facilities/MT82932.yml","SAINT MARYS DIVERSION DAM",TRUE,"ok"
"./config/facilities/NM82924.yml","AMERICAN DIVERSION",TRUE,"ok"
"./config/facilities/WA00275.yml","ROZA DIVERSION DAM",TRUE,"ok"
"./config/facilities/CO82913.yml","LITTLE HELL CREEK DIVERSION",TRUE,"ok"
"./config/facilities/TX06567.yml","GRAND PRAIRIE IRRIGATION POND DAM",TRUE,"ok"
"./config/facilities/UT10144.yml","POTTERS POND NO 1 (EAST)",TRUE,"ok"
"./config/facilities/ND00546.yml","INDIAN HILLS WDA S.850.4",TRUE,"ok"
"./config/facilities/ND00576.yml","CHERRY LAKE WDA-2 DIKE 2",TRUE,"ok"
"./config/facilities/ND00477.yml","KOENIG WILD DEV. AREA #023",TRUE,"ok"
"./config/facilities/NM00008.yml","MESILLA DIVERSION",TRUE,"ok"
"./config/facilities/CA10176.yml","ORTEGA",TRUE,"ok"
"./config/facilities/ND00476.yml","KOENIG WILD DEV. AREA #008",TRUE,"ok"
"./config/facilities/WA00458.yml","EBC 4.6 HYDRO POWER PLANT",TRUE,"ok"
"./config/facilities/CA10138.yml","CARPINTERIA",TRUE,"ok"
"./config/facilities/CA00732.yml","ANOLA",TRUE,"ok"
