"site","site_id","duration","n_stations","H1","homog_status","chosen_dist","chosen_absZ","Z_acceptable","selection_source","reviewer","runner_up","runner_up_absZ","z_margin","review_recommended","depth_10k_mm","tail_min_10k_mm","tail_max_10k_mm","tail_spread_pct","needs_review"
"HOOVER","NV10122","24h",29,0.912,"homogeneous","GLO",0.43,TRUE,"auto",NA,"GEV",2.188,1.758,FALSE,264.7,96.4,264.7,63.6,FALSE
"HOOVER","NV10122","72h",27,0.308,"homogeneous","GLO",1.384,TRUE,"auto",NA,"GEV",1.716,0.332,TRUE,286.6,106.9,286.6,62.7,FALSE
"GLEN CANYON","AZ10307","24h",45,0.881,"homogeneous","GEV",1.559,TRUE,"auto",NA,"GLO",2.022,0.463,TRUE,146,81.5,215.7,91.9,FALSE
"GLEN CANYON","AZ10307","72h",46,0.802,"homogeneous","GLO",0.844,TRUE,"auto",NA,"GEV",2.317,1.473,FALSE,310.1,114.5,310.1,63.1,FALSE
"GRAND COULEE","WA00262","24h",40,0.904,"homogeneous","GEV",0.987,TRUE,"auto",NA,"GNO",1.885,0.898,FALSE,153.8,91.3,224.7,86.8,FALSE
"GRAND COULEE","WA00262","72h",38,0.817,"homogeneous","GLO",1.583,TRUE,"auto",NA,"GEV",2.197,0.614,FALSE,309.4,128.9,309.4,58.4,FALSE
"SHASTA","CA10186","24h",42,0.858,"homogeneous","GLO",1.46,TRUE,"auto",NA,"GEV",2.935,1.475,FALSE,394.2,165.4,394.2,58.1,FALSE
"SHASTA","CA10186","72h",40,0.679,"homogeneous","GEV",1.798,FALSE,"auto",NA,"GNO",2.26,0.462,TRUE,464.6,283.9,693,88,TRUE
"FLAMING GORGE","UT10121","24h",50,0.733,"homogeneous","GLO",0.914,TRUE,"auto",NA,"GEV",2.903,1.989,FALSE,173.4,66.6,173.4,61.6,FALSE
"FLAMING GORGE","UT10121","72h",50,0.617,"homogeneous","GEV",1.613,TRUE,"auto",NA,"GNO",2.508,0.895,FALSE,138,80.2,204.9,90.4,FALSE
"HUNGRY HORSE","MT00565","24h",42,0.264,"homogeneous","GLO",1.252,TRUE,"auto",NA,"GEV",2.812,1.56,FALSE,244.4,99.2,244.4,59.4,FALSE
"HUNGRY HORSE","MT00565","72h",42,0.546,"homogeneous","GEV",0.639,TRUE,"auto",NA,"GNO",1.64,1.001,FALSE,257.2,149.7,377.8,88.7,FALSE
"THEODORE ROOSEVELT","AZ10317","24h",47,-0.088,"homogeneous","GLO",1.506,TRUE,"auto",NA,"GEV",2.788,1.282,FALSE,303,121.3,303,60,FALSE
"THEODORE ROOSEVELT","AZ10317","72h",47,0.357,"homogeneous","GEV",0.149,TRUE,"auto",NA,"GNO",1.217,1.068,FALSE,322.8,182.5,479,91.9,FALSE
"ELEPHANT BUTTE","NM00129","24h",42,0.398,"homogeneous","GEV",0.778,TRUE,"auto",NA,"GNO",1.681,0.903,FALSE,162.8,93.5,242.8,91.7,FALSE
"ELEPHANT BUTTE","NM00129","72h",40,0.912,"homogeneous","GEV",1.925,FALSE,"auto",NA,"GLO",2.368,0.443,TRUE,179.5,107.3,269,90.1,TRUE
"TRINITY","CA10196","24h",42,0.823,"homogeneous","GEV",2.134,FALSE,"auto",NA,"GNO",2.513,0.379,TRUE,241.1,152.3,355.8,84.4,TRUE
"TRINITY","CA10196","72h",41,0.866,"homogeneous","GEV",1.439,TRUE,"auto",NA,"GNO",1.789,0.35,TRUE,425.3,265.1,633.1,86.5,FALSE
"SANFORD","TX00023","24h",44,0.053,"homogeneous","GEV",1.995,FALSE,"auto",NA,"GLO",2.198,0.203,TRUE,266.3,152.7,395.5,91.1,TRUE
"SANFORD","TX00023","72h",43,-1.797,"homogeneous","GEV",1.862,FALSE,"auto",NA,"GNO",2.575,0.713,TRUE,291.4,173.1,434.7,89.8,TRUE
"NEW MELONES","CA10246","24h",46,0.369,"homogeneous","GEV",0.275,TRUE,"auto",NA,"GNO",1.401,1.126,FALSE,368.3,208.8,543.1,90.8,FALSE
"NEW MELONES","CA10246","72h",44,0.659,"homogeneous","GEV",0.248,TRUE,"auto",NA,"GNO",1.432,1.184,FALSE,669.4,367.4,993.4,93.5,FALSE
"B. F. SISK","CA10183","24h",27,-0.274,"homogeneous","GEV",0.835,TRUE,"auto",NA,"GNO",1.761,0.926,FALSE,360.7,206.2,530.8,90,FALSE
"B. F. SISK","CA10183","72h",27,-0.983,"homogeneous","GEV",1.376,TRUE,"auto",NA,"GLO",1.59,0.214,TRUE,678.2,371.4,1002.3,93,FALSE
"NAVAJO","NM00120","24h",42,0.45,"homogeneous","GEV",0.537,TRUE,"auto",NA,"GNO",1.276,0.739,FALSE,121,72.6,179.1,88.1,FALSE
"NAVAJO","NM00120","72h",40,0.7,"homogeneous","GLO",2.192,FALSE,"auto",NA,"GEV",2.722,0.53,TRUE,196.7,85.8,196.7,56.4,TRUE
"MONTICELLO","CA10170","24h",39,0.516,"homogeneous","GEV",0.122,TRUE,"auto",NA,"GNO",1.057,0.935,FALSE,455.5,265.6,671.5,89.1,FALSE
"MONTICELLO","CA10170","72h",40,-1.646,"homogeneous","GNO",0.464,TRUE,"auto",NA,"GEV",0.75,0.286,TRUE,871.2,517.6,1386.9,99.8,FALSE
"DAVIS BOR","AZ10309","24h",26,0.483,"homogeneous","GLO",0.346,TRUE,"auto",NA,"GEV",2.392,2.046,FALSE,286,106.1,286,62.9,FALSE
"DAVIS BOR","AZ10309","72h",26,0.916,"homogeneous","GEV",1.512,TRUE,"auto",NA,"GLO",1.519,0.007,TRUE,223.9,126.3,337.4,94.3,FALSE
"BOYSEN","WY01299","24h",35,0.744,"homogeneous","GEV",1.139,TRUE,"auto",NA,"GNO",1.82,0.681,FALSE,128.3,75.2,192.5,91.4,FALSE
"BOYSEN","WY01299","72h",31,0.742,"homogeneous","GEV",0.183,TRUE,"auto",NA,"GNO",0.244,0.061,TRUE,152.2,91,229.8,91.2,FALSE
"TIBER","MT00579","24h",49,0.655,"homogeneous","GNO",0.059,TRUE,"auto",NA,"GEV",1.273,1.214,FALSE,172.4,101.9,273,99.2,FALSE
"TIBER","MT00579","72h",47,0.811,"homogeneous","GNO",0.209,TRUE,"auto",NA,"GEV",1.24,1.031,FALSE,208.4,122.4,321.8,95.7,FALSE
"DRY FALLS DAM & POWERPLANT","WA00261","24h",45,0.978,"homogeneous","GEV",0.619,TRUE,"auto",NA,"GNO",1.489,0.87,FALSE,193.3,115.4,283,86.7,FALSE
"DRY FALLS DAM & POWERPLANT","WA00261","72h",47,0.996,"homogeneous","GEV",1.787,FALSE,"auto",NA,"GNO",2.369,0.582,TRUE,280,172.2,411.8,85.6,TRUE
"NORTH","WA00266","24h",41,0.769,"homogeneous","GEV",1.4,TRUE,"auto",NA,"GNO",2.275,0.875,FALSE,167.4,99.2,244.7,86.9,FALSE
"NORTH","WA00266","72h",42,1.083,"acceptably homogeneous (H1 in [1,2))","GLO",1.613,TRUE,"auto",NA,"GEV",2.244,0.631,FALSE,337.9,138.7,337.9,59,FALSE
"OWYHEE","OR00582","24h",46,0.915,"homogeneous","GEV",1.978,FALSE,"auto",NA,"GLO",2.294,0.316,TRUE,104.6,61.5,153.5,88,TRUE
"OWYHEE","OR00582","72h",44,0.731,"homogeneous","GEV",0.802,TRUE,"auto",NA,"GNO",1.243,0.441,TRUE,112.3,71.3,165,83.4,FALSE
"GLEN ELDER","KS00021","24h",39,0.011,"homogeneous","GEV",0.639,TRUE,"auto",NA,"GNO",1.912,1.273,FALSE,307,172.2,452,91.2,FALSE
"GLEN ELDER","KS00021","72h",39,-0.084,"homogeneous","GEV",1.143,TRUE,"auto",NA,"GNO",1.777,0.634,FALSE,270.4,166,400.6,86.7,FALSE
"PATHFINDER DIKE","WY01295","24h",39,0.805,"homogeneous","GLO",1.179,TRUE,"auto",NA,"GEV",1.854,0.675,FALSE,255.9,94.6,255.9,63,FALSE
"PATHFINDER DIKE","WY01295","72h",36,1.024,"acceptably homogeneous (H1 in [1,2))","GEV",1.02,TRUE,"auto",NA,"GNO",1.831,0.811,FALSE,190.3,107.5,284,92.7,FALSE
"BOR SOLDIER CREEK","UT10135","24h",34,0.716,"homogeneous","GEV",1.589,TRUE,"auto",NA,"GNO",2.139,0.55,FALSE,117.1,72.1,172.2,85.5,FALSE
"BOR SOLDIER CREEK","UT10135","72h",40,0.635,"homogeneous","GLO",0.932,TRUE,"auto",NA,"GEV",2.719,1.787,FALSE,269.9,108.2,269.9,59.9,FALSE
"GLENDO DIKE NO. 2","WY01486","24h",40,0.518,"homogeneous","GLO",0.996,TRUE,"auto",NA,"GEV",2.52,1.524,FALSE,263.1,100,263.1,62,FALSE
"GLENDO DIKE NO. 2","WY01486","72h",39,0.527,"homogeneous","GLO",1.315,TRUE,"auto",NA,"GEV",2.418,1.103,FALSE,319.4,122.3,319.4,61.7,FALSE
"GLENDO DIKE NO. 1","WY01485","24h",40,0.508,"homogeneous","GLO",0.993,TRUE,"auto",NA,"GEV",2.503,1.51,FALSE,263.1,100,263.1,62,FALSE
"GLENDO DIKE NO. 1","WY01485","72h",39,0.523,"homogeneous","GLO",1.319,TRUE,"auto",NA,"GEV",2.414,1.095,FALSE,319.4,122.3,319.4,61.7,FALSE
"GLENDO DIKE NO. 3","WY01487","24h",41,0.502,"homogeneous","GLO",0.909,TRUE,"auto",NA,"GEV",2.665,1.756,FALSE,253.1,97.3,253.1,61.5,FALSE
"GLENDO DIKE NO. 3","WY01487","72h",41,0.383,"homogeneous","GLO",1.23,TRUE,"auto",NA,"GEV",2.714,1.484,FALSE,299.9,117,299.9,61,FALSE
"FOLSOM RIGHT WING","CA10148","24h",54,-0.39,"homogeneous","GEV",0.468,TRUE,"auto",NA,"GNO",0.694,0.226,TRUE,419.5,242.9,618.7,89.6,FALSE
"FOLSOM RIGHT WING","CA10148","72h",52,-0.64,"homogeneous","GEV",0.815,TRUE,"auto",NA,"GNO",1.956,1.141,FALSE,773.5,436.8,1150.3,92.2,FALSE
"GLENDO DIKE NO. 1","WY01291","24h",40,0.518,"homogeneous","GLO",0.996,TRUE,"auto",NA,"GEV",2.52,1.524,FALSE,263.1,100,263.1,62,FALSE
"GLENDO DIKE NO. 1","WY01291","72h",39,0.527,"homogeneous","GLO",1.315,TRUE,"auto",NA,"GEV",2.418,1.103,FALSE,319.4,122.3,319.4,61.7,FALSE
"TWIN BUTTES","TX00022","24h",49,-0.297,"homogeneous","GEV",0.205,TRUE,"auto",NA,"GNO",1.656,1.451,FALSE,410.3,220.3,601.1,92.8,FALSE
"TWIN BUTTES","TX00022","72h",48,0.936,"homogeneous","GEV",0.443,TRUE,"auto",NA,"GNO",0.783,0.34,TRUE,444.7,244.6,659.6,93.3,FALSE
"CHOKE CANYON DAM","TX04425","24h",15,0.015,"homogeneous","GNO",0.36,TRUE,"auto",NA,"PE3",0.625,0.265,TRUE,152.3,96,222.6,83.1,FALSE
"CHOKE CANYON DAM","TX04425","72h",15,-0.31,"homogeneous","PE3",0.236,TRUE,"auto",NA,"GNO",1.037,0.801,FALSE,144.1,98.9,217.8,82.5,FALSE
"NEW WADDELL","AZ82929","24h",50,0.889,"homogeneous","GEV",1.978,FALSE,"auto",NA,"GLO",2.422,0.444,TRUE,222.8,128.6,330.3,90.5,TRUE
"NEW WADDELL","AZ82929","72h",50,0.82,"homogeneous","GEV",0.298,TRUE,"auto",NA,"GNO",1.378,1.08,FALSE,321,181.7,477.3,92.1,FALSE
"SEMINOE","WY01297","24h",41,0.868,"homogeneous","GLO",1.101,TRUE,"auto",NA,"GEV",1.905,0.804,FALSE,260.6,95.8,260.6,63.2,FALSE
"SEMINOE","WY01297","72h",37,0.908,"homogeneous","GEV",0.969,TRUE,"auto",NA,"GNO",1.934,0.965,FALSE,201.5,112,299.3,93,FALSE
"PATHFINDER DIKE","WY01296","24h",38,-0.04,"homogeneous","GLO",1.388,TRUE,"auto",NA,"GEV",1.909,0.521,FALSE,251.9,93.1,251.9,63,FALSE
"PATHFINDER DIKE","WY01296","72h",37,0.796,"homogeneous","GEV",0.639,TRUE,"auto",NA,"GNO",1.522,0.883,FALSE,193.2,109,288.9,93.2,FALSE
"BRANTLEY","NM00500","24h",39,0.523,"homogeneous","GEV",0.714,TRUE,"auto",NA,"GNO",1.701,0.987,FALSE,269.9,147.8,404.6,95.2,FALSE
"BRANTLEY","NM00500","72h",39,0.677,"homogeneous","GEV",0.116,TRUE,"auto",NA,"GNO",1.196,1.08,FALSE,436.8,226.3,643.8,95.6,FALSE
"BLUE MESA","CO01675","24h",40,0.828,"homogeneous","GLO",0.934,TRUE,"auto",NA,"GEV",3.226,2.292,FALSE,142.8,59.5,142.8,58.3,FALSE
"BLUE MESA","CO01675","72h",38,1.08,"acceptably homogeneous (H1 in [1,2))","GEV",1.947,FALSE,"auto",NA,"GNO",2.395,0.448,TRUE,121.1,75.9,178.4,84.6,TRUE
"UPPER KLAMATH LAKE","OR00557","24h",46,0.652,"homogeneous","GEV",1.214,TRUE,"auto",NA,"GNO",2.086,0.872,FALSE,198.5,116.1,292.6,88.9,FALSE
"UPPER KLAMATH LAKE","OR00557","72h",43,0.569,"homogeneous","GEV",2.033,FALSE,"auto",NA,"GLO",2.364,0.331,TRUE,282.4,171.8,417.8,87.1,TRUE
"JACKSON LAKE","WY01385","24h",42,0.735,"homogeneous","GEV",0.889,TRUE,"auto",NA,"GNO",1.457,0.568,FALSE,103.7,66,150.2,81.3,FALSE
"JACKSON LAKE","WY01385","72h",43,0.616,"homogeneous","GLO",1.763,FALSE,"auto",NA,"GEV",1.931,0.168,TRUE,253.8,105.8,253.8,58.3,TRUE
"FOSS RESERVOIR","OK02503","24h",35,0.406,"homogeneous","GEV",0.529,TRUE,"auto",NA,"GNO",1.459,0.93,FALSE,291.8,168.2,433.1,90.8,FALSE
"FOSS RESERVOIR","OK02503","72h",36,-1.404,"homogeneous","GLO",2.203,FALSE,"auto",NA,"GEV",2.23,0.027,TRUE,458.3,185.6,458.3,59.5,TRUE
"LAKE TAHOE","CA10162","24h",44,0.976,"homogeneous","GEV",0.334,TRUE,"auto",NA,"GNO",1.367,1.033,FALSE,364.1,205.8,537.4,91.1,FALSE
"LAKE TAHOE","CA10162","72h",42,0.419,"homogeneous","GEV",0.548,TRUE,"auto",NA,"GNO",1.649,1.101,FALSE,660.1,362.7,979.3,93.4,FALSE
"CEDAR BLUFF","KS00019","24h",43,-0.204,"homogeneous","GEV",1.038,TRUE,"auto",NA,"GNO",2.322,1.284,FALSE,294,165.1,434.1,91.5,FALSE
"CEDAR BLUFF","KS00019","72h",42,0.368,"homogeneous","GEV",0.587,TRUE,"auto",NA,"GNO",1.336,0.749,FALSE,274.5,165.9,408,88.2,FALSE
"CLE ELUM DAM","WA00274","24h",49,0.759,"homogeneous","GEV",1.284,TRUE,"auto",NA,"GLO",2.232,0.948,FALSE,357.4,204.3,524.8,89.7,FALSE
"CLE ELUM DAM","WA00274","72h",50,-0.063,"homogeneous","GLO",1.403,TRUE,"auto",NA,"GEV",2.549,1.146,FALSE,713.3,292.9,713.3,58.9,FALSE
"BUFFALO BILL","WY01300","24h",35,0.752,"homogeneous","GEV",1.091,TRUE,"auto",NA,"GNO",2.137,1.046,FALSE,155.4,86.5,229.9,92.3,FALSE
"BUFFALO BILL","WY01300","72h",30,0.671,"homogeneous","GEV",0.393,TRUE,"auto",NA,"GNO",0.617,0.224,TRUE,197.9,111.6,294.5,92.4,FALSE
"KEYHOLE","WY01380","24h",39,0.711,"homogeneous","GNO",0.104,TRUE,"auto",NA,"GEV",1.02,0.916,FALSE,185.8,110.2,285.8,94.5,FALSE
"KEYHOLE","WY01380","72h",41,0.556,"homogeneous","GEV",0.014,TRUE,"auto",NA,"GNO",0.719,0.705,FALSE,224.1,131.4,334.7,90.7,FALSE
"CLEAR LAKE DIKE 1","CA10141","24h",45,0.893,"homogeneous","GLO",0.84,TRUE,"auto",NA,"GEV",2.601,1.761,FALSE,264.3,104.4,264.3,60.5,FALSE
"CLEAR LAKE DIKE 1","CA10141","72h",43,0.748,"homogeneous","GLO",0.522,TRUE,"auto",NA,"GEV",2.684,2.162,FALSE,442,169.8,442,61.6,FALSE
"CHENEY","KS00017","24h",13,-1.601,"homogeneous","GLO",0.956,TRUE,"auto",NA,"GEV",1.153,0.197,TRUE,528.7,197.3,528.6,62.7,FALSE
"CHENEY","KS00017","72h",14,-1.438,"homogeneous","GEV",1.553,TRUE,"auto",NA,"GLO",1.801,0.248,TRUE,289.9,176.8,431,87.7,FALSE
"OSULLIVAN","WA00268","24h",41,0.896,"homogeneous","GEV",1.146,TRUE,"auto",NA,"GNO",2.005,0.859,FALSE,198.5,117.7,291,87.3,FALSE
"OSULLIVAN","WA00268","72h",42,0.697,"homogeneous","GEV",1.589,TRUE,"auto",NA,"GNO",2.279,0.69,FALSE,285.2,173.9,418.6,85.8,FALSE
"GRANBY","CO01656","24h",25,-0.149,"homogeneous","GLO",0.784,TRUE,"auto",NA,"GEV",2.388,1.604,FALSE,377.2,138.8,377.2,63.2,FALSE
"GRANBY","CO01656","72h",24,0.338,"homogeneous","GLO",0.839,TRUE,"auto",NA,"GEV",2.225,1.386,FALSE,609.9,224.2,609.9,63.2,FALSE
"PUEBLO","CO00299","24h",37,0.925,"homogeneous","GEV",0.567,TRUE,"auto",NA,"GNO",1.439,0.872,FALSE,192.3,108.6,287.1,92.8,FALSE
"PUEBLO","CO00299","72h",37,0.644,"homogeneous","GEV",1.566,TRUE,"auto",NA,"GLO",1.963,0.397,TRUE,238.3,133.3,354.9,93,FALSE
"FRIANT","CA10154","24h",35,0.741,"homogeneous","GEV",1.124,TRUE,"auto",NA,"GNO",2.039,0.915,FALSE,340.3,194.5,502.9,90.6,FALSE
"FRIANT","CA10154","72h",39,0.657,"homogeneous","GEV",0.888,TRUE,"auto",NA,"GNO",2.134,1.246,FALSE,680.1,364.8,1005.7,94.2,FALSE
"KIRWIN","KS00022","24h",42,0.436,"homogeneous","GEV",0.377,TRUE,"auto",NA,"GNO",1.602,1.225,FALSE,293.2,166.2,433,91,FALSE
"KIRWIN","KS00022","72h",41,0.314,"homogeneous","GEV",0.938,TRUE,"auto",NA,"GNO",1.51,0.572,FALSE,263.7,162.6,390.7,86.5,FALSE
"ANDERSON RANCH","ID00279","24h",34,0.734,"homogeneous","GEV",0.742,TRUE,"auto",NA,"GNO",1.485,0.743,FALSE,117.5,70.8,172.7,86.7,FALSE
"ANDERSON RANCH","ID00279","72h",45,0.76,"homogeneous","GEV",1.797,FALSE,"auto",NA,"GNO",2.508,0.711,TRUE,175.1,106.4,257.9,86.5,TRUE
"LEMON","CO01688","24h",41,0.725,"homogeneous","GEV",0.245,TRUE,"auto",NA,"GNO",0.856,0.611,FALSE,114,70,168.2,86.2,FALSE
"LEMON","CO01688","72h",42,0.915,"homogeneous","GLO",2.419,FALSE,"auto",NA,"GEV",2.824,0.405,TRUE,185.3,82.6,185.3,55.5,TRUE
"SHADEHILL DIKE NO. 2","SD01141","24h",40,0.076,"homogeneous","GEV",0.352,TRUE,"auto",NA,"GNO",1.194,0.842,FALSE,194.6,114.1,290,90.4,FALSE
"SHADEHILL DIKE NO. 2","SD01141","72h",42,0.494,"homogeneous","GEV",1.422,TRUE,"auto",NA,"GNO",1.938,0.516,FALSE,208.4,127.3,310.8,88,FALSE
"HERON","NM00122","24h",45,0.154,"homogeneous","GNO",0.375,TRUE,"auto",NA,"GEV",0.4,0.025,TRUE,117.8,71.4,174.7,87.7,FALSE
"HERON","NM00122","72h",44,0.718,"homogeneous","GEV",1.787,FALSE,"auto",NA,"GNO",2.136,0.349,TRUE,134.8,85.7,199.1,84.1,TRUE
"FONTENELLE","WY01389","24h",37,0.537,"homogeneous","GEV",1.404,TRUE,"auto",NA,"GNO",2.303,0.899,FALSE,108.8,63.4,160.2,89,FALSE
"FONTENELLE","WY01389","72h",38,0.776,"homogeneous","GLO",1.277,TRUE,"auto",NA,"GEV",2.5,1.223,FALSE,209,84.7,209,59.5,FALSE
"WEBSTER","KS00025","24h",43,0.265,"homogeneous","GEV",0.693,TRUE,"auto",NA,"GNO",2.076,1.383,FALSE,313.3,173.7,460,91.4,FALSE
"WEBSTER","KS00025","72h",43,0.186,"homogeneous","GEV",0.716,TRUE,"auto",NA,"GNO",1.43,0.714,FALSE,269.5,164,399.4,87.3,FALSE
"MCPHEE","CO02707","24h",40,0.537,"homogeneous","GEV",1.291,TRUE,"auto",NA,"GNO",2.09,0.799,FALSE,119.7,71.3,176.6,87.9,FALSE
"MCPHEE","CO02707","72h",41,0.725,"homogeneous","GLO",1.78,FALSE,"auto",NA,"GEV",2.675,0.895,TRUE,202.4,84.9,202.4,58,TRUE
"TWITCHELL","CA10197","24h",11,0.028,"homogeneous","GNO",0.194,TRUE,"auto",NA,"GEV",0.788,0.594,FALSE,289.6,166.4,463.7,102.6,FALSE
"TWITCHELL","CA10197","72h",11,0.069,"homogeneous","GNO",0.368,TRUE,"auto",NA,"PE3",1.045,0.677,FALSE,463,269.7,777.4,109.6,FALSE
"EMIGRANT","OR00581","24h",45,0.805,"homogeneous","GEV",0.784,TRUE,"auto",NA,"GNO",1.723,0.939,FALSE,236.1,136.4,347.8,89.6,FALSE
"EMIGRANT","OR00581","72h",40,0.763,"homogeneous","GEV",0.878,TRUE,"auto",NA,"GNO",1.236,0.358,TRUE,323.9,203.3,480,85.4,FALSE
"JAMESTOWN DAM","ND00151","24h",7,-0.494,"homogeneous","PE3",0.365,TRUE,"auto",NA,"GNO",0.653,0.288,TRUE,198.6,133.6,346.9,107.4,FALSE
"JAMESTOWN DAM","ND00151","72h",7,0.231,"homogeneous","GEV",0.302,TRUE,"auto",NA,"GNO",0.712,0.41,TRUE,255.9,149.1,379.9,90.2,FALSE
"CABALLO","NM00131","24h",39,-0.199,"homogeneous","GEV",0.127,TRUE,"auto",NA,"GNO",0.592,0.465,TRUE,155.3,91,232.5,91.1,FALSE
"CABALLO","NM00131","72h",36,0.647,"homogeneous","GEV",0.847,TRUE,"auto",NA,"GNO",1.157,0.31,TRUE,170.1,105,255.3,88.4,FALSE
"BOR JORDANELLE","UT10204","24h",42,0.935,"homogeneous","GLO",1.95,FALSE,"auto",NA,"GEV",2.654,0.704,TRUE,167.9,73.7,167.9,56.1,TRUE
"BOR JORDANELLE","UT10204","72h",42,0.858,"homogeneous","GLO",0.236,TRUE,"auto",NA,"GEV",4.1,3.864,FALSE,231.1,101.5,231.1,56.1,FALSE
"NORMAN","OK02504","24h",15,0.015,"homogeneous","GNO",0.36,TRUE,"auto",NA,"PE3",0.625,0.265,TRUE,152.3,96,222.6,83.1,FALSE
"NORMAN","OK02504","72h",15,-0.31,"homogeneous","PE3",0.236,TRUE,"auto",NA,"GNO",1.037,0.801,FALSE,144.1,98.9,217.8,82.5,FALSE
"TRENTON DAM","NE01078","24h",28,0.798,"homogeneous","GEV",1.103,TRUE,"auto",NA,"GNO",2.032,0.929,FALSE,270.7,153,400.7,91.5,FALSE
"TRENTON DAM","NE01078","72h",30,0.854,"homogeneous","GEV",1.331,TRUE,"auto",NA,"GNO",2.001,0.67,FALSE,268,159.8,398.6,89.1,FALSE
"BONNY","CO01300","24h",31,-1.793,"homogeneous","GEV",1.36,TRUE,"auto",NA,"GNO",2.226,0.866,FALSE,230.3,132.2,342.4,91.3,FALSE
"BONNY","CO01300","72h",32,0.003,"homogeneous","GEV",0.398,TRUE,"auto",NA,"GNO",0.846,0.448,TRUE,225.1,138,336.3,88.1,FALSE
"CLARK CANYON","MT00569","24h",47,0.591,"homogeneous","GLO",2.077,FALSE,"auto",NA,"GEV",2.962,0.885,TRUE,153.1,63.9,153.1,58.3,TRUE
"CLARK CANYON","MT00569","72h",42,0.761,"homogeneous","GNO",2.465,FALSE,"auto",NA,"GEV",2.501,0.036,TRUE,117.7,74.2,162.9,75.3,TRUE
"FT COBB LAKE","OK02502","24h",14,0.693,"homogeneous","GEV",0.712,TRUE,"auto",NA,"GNO",1.216,0.504,FALSE,281.8,166.9,418.9,89.4,FALSE
"FT COBB LAKE","OK02502","72h",15,-1.121,"homogeneous","GLO",0.836,TRUE,"auto",NA,"GEV",1.998,1.162,FALSE,459.8,188.5,459.8,59,FALSE
"CASITAS","CA10139","24h",45,-0.366,"homogeneous","GNO",0.006,TRUE,"auto",NA,"GEV",1.057,1.051,FALSE,388.2,222.7,617.9,101.8,FALSE
"CASITAS","CA10139","72h",47,-1.392,"homogeneous","PE3",0.37,TRUE,"auto",NA,"GNO",2.307,1.937,FALSE,529.8,365.9,1055.2,130.1,FALSE
"HORSE MESA","AZ10311","24h",48,0.29,"homogeneous","GLO",1.371,TRUE,"auto",NA,"GEV",3.08,1.709,FALSE,303.6,121.9,303.6,59.8,FALSE
"HORSE MESA","AZ10311","72h",48,0.978,"homogeneous","GEV",0.115,TRUE,"auto",NA,"GNO",0.979,0.864,FALSE,327.8,185.3,486.6,91.9,FALSE
"BARTLETT","AZ10308","24h",45,0.187,"homogeneous","GEV",1.973,FALSE,"auto",NA,"GLO",2.648,0.675,TRUE,205.5,122.8,305.4,88.8,TRUE
"BARTLETT","AZ10308","72h",47,0.353,"homogeneous","GEV",0.819,TRUE,"auto",NA,"GNO",1.911,1.092,FALSE,336.7,190.5,500,91.9,FALSE
"KACHESS DAM","WA00260","24h",48,0.653,"homogeneous","GEV",1.286,TRUE,"auto",NA,"GNO",2.297,1.011,FALSE,356.1,204.4,523.7,89.7,FALSE
"KACHESS DAM","WA00260","72h",50,-0.027,"homogeneous","GLO",1.418,TRUE,"auto",NA,"GEV",2.6,1.182,FALSE,713.3,292.9,713.3,58.9,FALSE
"WHISKEYTOWN","CA10204","24h",44,0.964,"homogeneous","GLO",1.57,TRUE,"auto",NA,"GEV",2.796,1.226,FALSE,389.1,164.2,389.1,57.8,FALSE
"WHISKEYTOWN","CA10204","72h",42,0.901,"homogeneous","GEV",2.027,FALSE,"auto",NA,"GNO",2.494,0.467,TRUE,478.9,292.3,714.8,88.2,TRUE
"ARTHUR R. BOWMAN","OR00579","24h",34,0.639,"homogeneous","GNO",0.467,TRUE,"auto",NA,"GEV",0.512,0.045,TRUE,146.6,88.1,228.9,96,FALSE
"ARTHUR R. BOWMAN","OR00579","72h",37,0.832,"homogeneous","GLO",1.038,TRUE,"auto",NA,"GEV",1.857,0.819,FALSE,337.4,127.8,337.4,62.1,FALSE
"SUMNER","NM00130","24h",43,0.876,"homogeneous","GEV",0.293,TRUE,"auto",NA,"GNO",1.46,1.167,FALSE,247.1,136.9,367.2,93.2,FALSE
"SUMNER","NM00130","72h",46,-0.067,"homogeneous","GEV",0.551,TRUE,"auto",NA,"GNO",1.928,1.377,FALSE,351.1,187.8,517.3,93.8,FALSE
"STAMPEDE","CA10192","24h",39,0.665,"homogeneous","GEV",0.166,TRUE,"auto",NA,"GNO",0.956,0.79,FALSE,374.8,209.8,551.9,91.3,FALSE
"STAMPEDE","CA10192","72h",41,0.491,"homogeneous","GEV",0.441,TRUE,"auto",NA,"GNO",1.649,1.208,FALSE,671.3,366.3,993.1,93.4,FALSE
"ARBUCKLE","OK02501","24h",15,0.015,"homogeneous","GNO",0.36,TRUE,"auto",NA,"PE3",0.625,0.265,TRUE,152.3,96,222.6,83.1,FALSE
"ARBUCKLE","OK02501","72h",15,-0.31,"homogeneous","PE3",0.236,TRUE,"auto",NA,"GNO",1.037,0.801,FALSE,144.1,98.9,217.8,82.5,FALSE
"BOR ARTHUR V WATKINS","UT10112","24h",45,0.707,"homogeneous","GEV",0.916,TRUE,"auto",NA,"GNO",1.748,0.832,FALSE,152.2,91.6,222,85.7,FALSE
"BOR ARTHUR V WATKINS","UT10112","72h",48,0.428,"homogeneous","GLO",1.451,TRUE,"auto",NA,"GEV",2.734,1.283,FALSE,276.6,117.8,276.6,57.4,FALSE
"MINIDOKA SOUTH DIKE","ID00275","24h",50,0.932,"homogeneous","GEV",1.313,TRUE,"auto",NA,"GNO",2.317,1.004,FALSE,105.5,62.1,155.6,88.6,FALSE
"MINIDOKA SOUTH DIKE","ID00275","72h",52,0.037,"homogeneous","GNO",0.02,TRUE,"auto",NA,"GEV",0.964,0.944,FALSE,132.7,80.2,198.9,89.4,FALSE
"WICKIUP RESERVOIR (USBR)","OR00276","24h",35,0.855,"homogeneous","GNO",0.141,TRUE,"auto",NA,"GEV",0.603,0.462,TRUE,223.6,137.1,334.5,88.3,FALSE
"WICKIUP RESERVOIR (USBR)","OR00276","72h",33,1.055,"acceptably homogeneous (H1 in [1,2))","GLO",0.4,TRUE,"auto",NA,"GEV",2.867,2.467,FALSE,519.7,219.7,519.7,57.7,FALSE
"HORSESHOE","AZ10310","24h",48,-0.192,"homogeneous","GEV",2.087,FALSE,"auto",NA,"GLO",2.564,0.477,TRUE,212.1,125.2,314.8,89.4,TRUE
"HORSESHOE","AZ10310","72h",48,0.896,"homogeneous","GEV",0.506,TRUE,"auto",NA,"GNO",1.667,1.161,FALSE,336.4,189.5,498.9,92,FALSE
"WARM SPRINGS RES. (USBR)","OR00082","24h",53,0.623,"homogeneous","GEV",1.911,FALSE,"auto",NA,"GLO",2.079,0.168,TRUE,105,60.5,153.9,89,TRUE
"WARM SPRINGS RES. (USBR)","OR00082","72h",49,0.658,"homogeneous","GEV",0.242,TRUE,"auto",NA,"GNO",0.732,0.49,TRUE,106.8,67.2,157.1,84.1,FALSE
"EL VADO","NM10008","24h",45,0.08,"homogeneous","GEV",0.021,TRUE,"auto",NA,"GNO",0.814,0.793,FALSE,120.9,72.4,179,88.1,FALSE
"EL VADO","NM10008","72h",43,0.821,"homogeneous","GEV",1.604,TRUE,"auto",NA,"GNO",2.078,0.474,TRUE,141.3,88.2,209.1,85.6,FALSE
"BRADBURY","CA10136","24h",26,0.756,"homogeneous","GNO",0.111,TRUE,"auto",NA,"GEV",1.01,0.899,FALSE,325,186.6,519.2,102.3,FALSE
"BRADBURY","CA10136","72h",27,-0.667,"homogeneous","PE3",0.135,TRUE,"auto",NA,"GNO",2.342,2.207,FALSE,424.4,292.5,843.7,129.9,FALSE
"TIETON DAM","WA00273","24h",48,0.938,"homogeneous","GEV",1.389,TRUE,"auto",NA,"GLO",2.167,0.778,FALSE,360.3,207.6,530.4,89.6,FALSE
"TIETON DAM","WA00273","72h",50,-0.208,"homogeneous","GLO",0.854,TRUE,"auto",NA,"GEV",3.029,2.175,FALSE,754.2,309,754.1,59,FALSE
"WICKIUP","OR10022","24h",35,0.848,"homogeneous","GNO",0.147,TRUE,"auto",NA,"GEV",0.6,0.453,TRUE,223.6,137.1,334.5,88.3,FALSE
"WICKIUP","OR10022","72h",33,0.611,"homogeneous","GLO",0.886,TRUE,"auto",NA,"GEV",2.821,1.935,FALSE,516.5,230,516.5,55.5,FALSE
"RYE PATCH","NV10124","24h",38,0.523,"homogeneous","GEV",0.484,TRUE,"auto",NA,"GNO",1.321,0.837,FALSE,109.1,63,162.3,91.1,FALSE
"RYE PATCH","NV10124","72h",34,0.72,"homogeneous","GEV",1.045,TRUE,"auto",NA,"GNO",1.639,0.594,FALSE,130.8,77.7,195.7,90.2,FALSE
"WEST DIKE","OK20502","24h",20,0.732,"homogeneous","GLO",1.004,TRUE,"auto",NA,"GEV",1.445,0.441,TRUE,524.4,197.1,524.4,62.4,FALSE
"WEST DIKE","OK20502","72h",20,-0.256,"homogeneous","GLO",1.554,TRUE,"auto",NA,"GEV",1.573,0.019,TRUE,497.9,199.2,498,60,FALSE
"MEDICINE CREEK","NE01073","24h",36,0.549,"homogeneous","GEV",1.415,TRUE,"auto",NA,"GNO",2.489,1.074,FALSE,275.4,156.7,406.5,90.7,FALSE
"MEDICINE CREEK","NE01073","72h",37,0.036,"homogeneous","GEV",1.8,FALSE,"auto",NA,"GNO",2.488,0.688,TRUE,275,165,407.8,88.3,TRUE
"NORTON","KS00024","24h",40,0.562,"homogeneous","GEV",0.33,TRUE,"auto",NA,"GNO",1.489,1.159,FALSE,283.3,160.8,418.1,90.8,FALSE
"NORTON","KS00024","72h",39,0.576,"homogeneous","GEV",1.054,TRUE,"auto",NA,"GNO",1.635,0.581,FALSE,257.5,158.5,381.5,86.6,FALSE
"DEER FLAT UPPER","ID00276","24h",44,0.861,"homogeneous","GEV",1.726,FALSE,"auto",NA,"GLO",2.448,0.722,TRUE,110.9,65.2,162.8,88,TRUE
"DEER FLAT UPPER","ID00276","72h",46,0.662,"homogeneous","GEV",0.278,TRUE,"auto",NA,"GNO",0.709,0.431,TRUE,131.5,84,192.8,82.8,FALSE
"STARVATION","UT10136","24h",42,0.916,"homogeneous","GLO",0.769,TRUE,"auto",NA,"GEV",2.835,2.066,FALSE,192.6,76,192.6,60.6,FALSE
"STARVATION","UT10136","72h",44,0.589,"homogeneous","GEV",1.306,TRUE,"auto",NA,"GNO",2.052,0.746,FALSE,166,98.8,245.3,88.3,FALSE
"LOVEWELL","KS00023","24h",36,-0.119,"homogeneous","GEV",0.024,TRUE,"auto",NA,"GNO",1.049,1.025,FALSE,293.6,168,434.6,90.8,FALSE
"LOVEWELL","KS00023","72h",35,-0.089,"homogeneous","GEV",1.263,TRUE,"auto",NA,"GNO",1.686,0.423,TRUE,261.3,163.3,387.1,85.7,FALSE
"ALCOVA","WY01290","24h",37,-0.247,"homogeneous","GEV",1.429,TRUE,"auto",NA,"GLO",1.84,0.411,TRUE,174.2,95.5,258.2,93.4,FALSE
"ALCOVA","WY01290","72h",37,0.317,"homogeneous","GEV",0.546,TRUE,"auto",NA,"GNO",1.407,0.861,FALSE,198.7,111.9,297.3,93.3,FALSE
"PARKER","AZ10312","24h",22,0.296,"homogeneous","GEV",1.067,TRUE,"auto",NA,"GNO",1.801,0.734,FALSE,204.9,116.9,303.7,91.2,FALSE
"PARKER","AZ10312","72h",23,0.376,"homogeneous","GLO",1.085,TRUE,"auto",NA,"GEV",1.681,0.596,FALSE,413.4,156.3,413.4,62.2,FALSE
"VIRGINIA SMITH DAM","NE02287","24h",34,-0.068,"homogeneous","GEV",0.738,TRUE,"auto",NA,"GNO",1.659,0.921,FALSE,252.3,147.2,372.1,89.1,FALSE
"VIRGINIA SMITH DAM","NE02287","72h",35,0.942,"homogeneous","GEV",0.991,TRUE,"auto",NA,"GNO",1.734,0.743,FALSE,269.4,163.2,397.8,87.1,FALSE
"KEECHELUS DAM","WA00265","24h",49,1.014,"acceptably homogeneous (H1 in [1,2))","GEV",1.291,TRUE,"auto",NA,"GNO",2.297,1.006,FALSE,358.7,205.8,527.1,89.6,FALSE
"KEECHELUS DAM","WA00265","72h",50,-0.027,"homogeneous","GLO",1.423,TRUE,"auto",NA,"GEV",2.572,1.149,FALSE,713.3,292.9,713.3,58.9,FALSE
"HORSETOOTH","CO01659","24h",20,0.743,"homogeneous","PE3",0.644,TRUE,"auto",NA,"GNO",0.726,0.082,TRUE,163.9,113.7,295.8,111.1,FALSE
"HORSETOOTH","CO01659","72h",20,-0.721,"homogeneous","PE3",0.378,TRUE,"auto",NA,"GNO",1.004,0.626,FALSE,226.8,155.6,412.7,113.4,FALSE
"ISLAND PARK","ID00272","24h",47,3.988,"heterogeneous (H1 >= 2 — review region manually)","GEV",1.944,FALSE,"auto",NA,"GLO",2.433,0.489,TRUE,117.6,71.1,172,85.8,TRUE
"ISLAND PARK","ID00272","72h",44,0.921,"homogeneous","GEV",2.219,FALSE,"auto",NA,"GLO",2.379,0.16,TRUE,160.7,99.3,234.1,83.9,TRUE
"LAKE ALTUS","OK02500","24h",34,0.567,"homogeneous","GEV",1.423,TRUE,"auto",NA,"GLO",2.102,0.679,FALSE,323.9,182,478.6,91.6,FALSE
"LAKE ALTUS","OK02500","72h",32,-0.668,"homogeneous","GLO",1.91,FALSE,"auto",NA,"GEV",1.997,0.087,TRUE,498.4,197.7,498.4,60.3,TRUE
"BULL LAKE","WY01378","24h",34,1.124,"acceptably homogeneous (H1 in [1,2))","GEV",1.227,TRUE,"auto",NA,"GNO",1.781,0.554,FALSE,119,70.8,178,90.1,FALSE
"BULL LAKE","WY01378","72h",36,0.786,"homogeneous","GEV",2.002,FALSE,"auto",NA,"GLO",2.03,0.028,TRUE,159.1,93.6,238.7,91.2,TRUE
"RED WILLOW","NE01076","24h",32,0.558,"homogeneous","GEV",1.038,TRUE,"auto",NA,"GNO",1.991,0.953,FALSE,263.9,150.9,390.8,90.9,FALSE
"RED WILLOW","NE01076","72h",34,0.276,"homogeneous","GEV",1.517,TRUE,"auto",NA,"GNO",2.069,0.552,FALSE,255.3,155.7,379.4,87.6,FALSE
"GREEN MOUNTAIN","CO01658","24h",32,0.665,"homogeneous","GLO",0.105,TRUE,"auto",NA,"GEV",2.166,2.061,FALSE,269.6,101.8,269.6,62.2,FALSE
"GREEN MOUNTAIN","CO01658","72h",28,1.022,"acceptably homogeneous (H1 in [1,2))","GLO",0.789,TRUE,"auto",NA,"GEV",2.279,1.49,FALSE,536.3,197.8,536.3,63.1,FALSE
"IMPERIAL DIVERSION","CA10159","24h",7,0.299,"homogeneous","GNO",0.082,TRUE,"auto",NA,"GEV",0.362,0.28,TRUE,247.6,143.3,406.7,106.3,FALSE
"IMPERIAL DIVERSION","CA10159","72h",7,-0.299,"homogeneous","GEV",0.154,TRUE,"auto",NA,"GNO",0.556,0.402,TRUE,353.9,186.7,530.2,97.1,FALSE
"BOR DEER CREEK","UT10117","24h",41,0.866,"homogeneous","GEV",2.029,FALSE,"auto",NA,"GLO",2.356,0.327,TRUE,117.3,74.6,171.3,82.5,TRUE
"BOR DEER CREEK","UT10117","72h",40,0.716,"homogeneous","GLO",0.215,TRUE,"auto",NA,"GEV",4.024,3.809,FALSE,255.2,107.2,255.2,58,FALSE
"SUGARLOAF","CO01669","24h",35,0.3,"homogeneous","GLO",1.327,TRUE,"auto",NA,"GEV",2.325,0.998,FALSE,188.8,75.2,188.8,60.2,FALSE
"SUGARLOAF","CO01669","72h",32,0.151,"homogeneous","GLO",1.557,TRUE,"auto",NA,"GEV",1.706,0.149,TRUE,254.3,100.1,254.3,60.7,FALSE
"TWIN LAKES","CO02045","24h",38,0.346,"homogeneous","GLO",1.067,TRUE,"auto",NA,"GEV",2.557,1.49,FALSE,190.5,75.8,190.5,60.2,FALSE
"TWIN LAKES","CO02045","72h",35,0.523,"homogeneous","GEV",1.38,TRUE,"auto",NA,"GNO",2.268,0.888,FALSE,169.9,98.9,250,89,FALSE
"PACTOLA DIKE #2","SD01139","24h",48,0.351,"homogeneous","GEV",0.316,TRUE,"auto",NA,"GNO",0.826,0.51,FALSE,215.4,121.8,319.5,91.8,FALSE
"PACTOLA DIKE #2","SD01139","72h",47,0.639,"homogeneous","GEV",0.086,TRUE,"auto",NA,"GNO",0.956,0.87,FALSE,239.1,139.9,356.8,90.7,FALSE
"VALLECITO","CO01695","24h",40,0.72,"homogeneous","GEV",0.387,TRUE,"auto",NA,"GNO",1.157,0.77,FALSE,120.1,72.2,177.2,87.5,FALSE
"VALLECITO","CO01695","72h",40,0.657,"homogeneous","GLO",2.374,FALSE,"auto",NA,"GEV",2.515,0.141,TRUE,193.9,85.2,193.9,56.1,TRUE
"GERBER RESERVOR","OR00584","24h",44,0.915,"homogeneous","GLO",1.299,TRUE,"auto",NA,"GEV",1.775,0.476,TRUE,299.5,113.6,299.5,62.1,FALSE
"GERBER RESERVOR","OR00584","72h",40,0.827,"homogeneous","GLO",0.319,TRUE,"auto",NA,"GEV",2.727,2.408,FALSE,415,157.4,415,62.1,FALSE
"MORROW POINT","CO01689","24h",36,0.896,"homogeneous","GLO",1.073,TRUE,"auto",NA,"GEV",2.673,1.6,FALSE,154.7,62.6,154.7,59.6,FALSE
"MORROW POINT","CO01689","72h",38,0.674,"homogeneous","GEV",2.086,FALSE,"auto",NA,"GLO",2.132,0.046,TRUE,121.6,75.5,178.8,84.9,TRUE
"RUEDI","CO01664","24h",41,0.648,"homogeneous","GLO",1.233,TRUE,"auto",NA,"GEV",2.632,1.399,FALSE,158.1,63.8,158.1,59.7,FALSE
"RUEDI","CO01664","72h",41,0.724,"homogeneous","GLO",1.085,TRUE,"auto",NA,"GEV",2.618,1.533,FALSE,200.7,81.3,200.7,59.5,FALSE
"TAYLOR PARK","CO00151","24h",41,0.282,"homogeneous","GLO",1.39,TRUE,"auto",NA,"GEV",2.649,1.259,FALSE,142.5,59,142.6,58.6,FALSE
"TAYLOR PARK","CO00151","72h",41,0.409,"homogeneous","GLO",1.972,FALSE,"auto",NA,"GEV",2.328,0.356,TRUE,178.1,74.7,178.1,58.1,TRUE
"CARTER LAKE DAM NO. 1","CO01650","24h",16,0.427,"homogeneous","GLO",0.407,TRUE,"auto",NA,"GEV",1.142,0.735,FALSE,348.5,128.5,348.5,63.1,FALSE
"CARTER LAKE DAM NO. 1","CO01650","72h",16,0.682,"homogeneous","GNO",0.131,TRUE,"auto",NA,"GEV",0.801,0.67,FALSE,266.9,158.2,426.8,100.6,FALSE
"BOR PINEVIEW","UT10132","24h",46,0.845,"homogeneous","GEV",1.199,TRUE,"auto",NA,"GNO",1.908,0.709,FALSE,143.8,88,210.1,84.9,FALSE
"BOR PINEVIEW","UT10132","72h",48,0.601,"homogeneous","GLO",1.328,TRUE,"auto",NA,"GEV",3.066,1.738,FALSE,260.8,113.2,260.8,56.6,FALSE
"MASON DAM","OR00577","24h",51,0.862,"homogeneous","GLO",1.893,FALSE,"auto",NA,"GEV",2.098,0.205,TRUE,189.5,75.8,189.5,60,TRUE
"MASON DAM","OR00577","72h",50,0.489,"homogeneous","GEV",1.18,TRUE,"auto",NA,"GNO",2.112,0.932,FALSE,163.2,98.7,237.5,85.1,FALSE
"RIRIE","ID00344","24h",44,0.458,"homogeneous","GEV",2.056,FALSE,"auto",NA,"GLO",2.475,0.419,TRUE,106.8,64.6,156.4,85.9,TRUE
"RIRIE","ID00344","72h",42,0.549,"homogeneous","GEV",1.801,FALSE,"auto",NA,"GNO",2.399,0.598,TRUE,136.8,85.6,199.9,83.5,TRUE
"ENDERS DAM","NE01070","24h",26,0.335,"homogeneous","GEV",1.607,TRUE,"auto",NA,"GLO",1.754,0.147,TRUE,258.7,145.9,381.8,91.2,FALSE
"ENDERS DAM","NE01070","72h",27,0.653,"homogeneous","GEV",1.349,TRUE,"auto",NA,"GNO",1.826,0.477,TRUE,242.4,147.9,360.7,87.8,FALSE
"RIDGWAY","CO02706","24h",37,0.646,"homogeneous","GEV",1.587,TRUE,"auto",NA,"GNO",2.305,0.718,FALSE,110.4,67,162.3,86.2,FALSE
"RIDGWAY","CO02706","72h",40,0.744,"homogeneous","GLO",1.466,TRUE,"auto",NA,"GEV",2.9,1.434,FALSE,196.3,82.6,196.3,57.9,FALSE
"SCOFIELD","UT10133","24h",37,0.897,"homogeneous","GLO",1.447,TRUE,"auto",NA,"GEV",1.905,0.458,TRUE,203.8,79.9,203.8,60.8,FALSE
"SCOFIELD","UT10133","72h",40,0.789,"homogeneous","GLO",1.574,TRUE,"auto",NA,"GEV",2.172,0.598,FALSE,253.8,101.4,253.8,60,FALSE
"NELSON DIKE DA","MT00574","24h",42,0.197,"homogeneous","GEV",0.945,TRUE,"auto",NA,"GNO",2.066,1.121,FALSE,210.3,114.7,312.4,94,FALSE
"NELSON DIKE DA","MT00574","72h",41,-0.888,"homogeneous","GEV",0.274,TRUE,"auto",NA,"GNO",1.326,1.052,FALSE,256,141,381.6,94,FALSE
"MERRITT DAM","NE01074","24h",39,-1.295,"homogeneous","GEV",1.571,TRUE,"auto",NA,"GNO",2.313,0.742,FALSE,219,128.8,325.5,89.8,FALSE
"MERRITT DAM","NE01074","72h",38,-0.874,"homogeneous","GEV",0.535,TRUE,"auto",NA,"GNO",1.11,0.575,FALSE,235.3,143.5,349.3,87.5,FALSE
"HOWARD PRAIRIE","OR00580","24h",45,0.817,"homogeneous","GEV",0.921,TRUE,"auto",NA,"GNO",1.813,0.892,FALSE,223.1,130.2,329.4,89.3,FALSE
"HOWARD PRAIRIE","OR00580","72h",39,0.802,"homogeneous","GEV",0.98,TRUE,"auto",NA,"GNO",1.391,0.411,TRUE,317.2,197.8,469.9,85.8,FALSE
"PINTO DAM","WA00269","24h",40,0.806,"homogeneous","GEV",0.258,TRUE,"auto",NA,"GNO",1.213,0.955,FALSE,223.4,129.8,327.3,88.4,FALSE
"PINTO DAM","WA00269","72h",45,0.947,"homogeneous","GEV",1.481,TRUE,"auto",NA,"GNO",2.182,0.701,FALSE,294.8,179.5,432.9,86,FALSE
"HEART BUTTE","ND00149","24h",43,-1.503,"homogeneous","GEV",0.139,TRUE,"auto",NA,"GNO",1.059,0.92,FALSE,199.3,116.5,296.2,90.2,FALSE
"HEART BUTTE","ND00149","72h",44,0.495,"homogeneous","GEV",0.83,TRUE,"auto",NA,"GNO",1.575,0.745,FALSE,219.4,131.6,326.3,88.8,FALSE
"BOR WANSHIP","UT10131","24h",47,0.416,"homogeneous","GLO",1.66,FALSE,"auto",NA,"GEV",2.814,1.154,TRUE,185.9,80.5,185.9,56.7,TRUE
"BOR WANSHIP","UT10131","72h",44,0.652,"homogeneous","GLO",1.297,TRUE,"auto",NA,"GEV",3.175,1.878,FALSE,231.6,102.9,231.6,55.6,FALSE
"ECHO","UT10120","24h",48,0.115,"homogeneous","GLO",1.526,TRUE,"auto",NA,"GEV",2.816,1.29,FALSE,196.1,83.2,196.1,57.6,FALSE
"ECHO","UT10120","72h",45,0.832,"homogeneous","GLO",1.402,TRUE,"auto",NA,"GEV",3.099,1.697,FALSE,243.8,106.7,243.8,56.2,FALSE
"PLATORO","CO01671","24h",40,0.703,"homogeneous","GEV",0.79,TRUE,"auto",NA,"GNO",1.422,0.632,FALSE,112.8,68.6,167,87.2,FALSE
"PLATORO","CO01671","72h",36,0.483,"homogeneous","GEV",1.238,TRUE,"auto",NA,"GNO",1.435,0.197,TRUE,127.9,82.4,188.9,83.2,FALSE
"JOES VALLEY","UT10124","24h",39,0.873,"homogeneous","GLO",0.867,TRUE,"auto",NA,"GEV",2.638,1.771,FALSE,177.6,70.4,177.6,60.4,FALSE
"JOES VALLEY","UT10124","72h",41,0.963,"homogeneous","GLO",1.343,TRUE,"auto",NA,"GEV",2.112,0.769,FALSE,245.5,95.8,245.5,61,FALSE
"STEWART MOUNTAIN","AZ10318","24h",48,0.73,"homogeneous","GLO",2.08,FALSE,"auto",NA,"GEV",2.468,0.388,TRUE,294.5,119.4,294.5,59.4,TRUE
"STEWART MOUNTAIN","AZ10318","72h",48,0.836,"homogeneous","GEV",0.184,TRUE,"auto",NA,"GNO",1.305,1.121,FALSE,326.2,184.4,484.1,91.9,FALSE
"CRANE PRAIRIE","OR00279","24h",35,0.844,"homogeneous","GNO",0.157,TRUE,"auto",NA,"GEV",0.602,0.445,TRUE,223.6,137.1,334.5,88.3,FALSE
"CRANE PRAIRIE","OR00279","72h",33,0.943,"homogeneous","GLO",0.591,TRUE,"auto",NA,"GEV",2.847,2.256,FALSE,512.4,221.5,512.4,56.8,FALSE
"AGENCY VALLEY","OR00589","24h",50,0.293,"homogeneous","GEV",1.847,FALSE,"auto",NA,"GLO",1.872,0.025,TRUE,109.3,62.5,159.7,89,TRUE
"AGENCY VALLEY","OR00589","72h",48,0.748,"homogeneous","GEV",0.633,TRUE,"auto",NA,"GNO",1.286,0.653,FALSE,112.2,69.6,164.8,84.9,FALSE
"OCHOCO","OR00098","24h",37,0.942,"homogeneous","GNO",0.115,TRUE,"auto",NA,"GEV",1.22,1.105,FALSE,149.8,90.4,233.1,95.3,FALSE
"OCHOCO","OR00098","72h",36,0.831,"homogeneous","GEV",0.847,TRUE,"auto",NA,"GNO",1.869,1.022,FALSE,238.3,135.3,349.2,89.8,FALSE
"ONEILL FOREBAY DIKE","CA10171","24h",28,-0.239,"homogeneous","GEV",0.995,TRUE,"auto",NA,"GNO",1.875,0.88,FALSE,359.3,205.8,528.7,89.9,FALSE
"ONEILL FOREBAY DIKE","CA10171","72h",28,-1.1,"homogeneous","GEV",1.354,TRUE,"auto",NA,"GLO",1.589,0.235,TRUE,688.3,376,1016.6,93.1,FALSE
"SCOGGINS","OR10020","24h",35,0.678,"homogeneous","GEV",1.356,TRUE,"auto",NA,"GNO",1.882,0.526,FALSE,326.1,204.2,474.9,83,FALSE
"SCOGGINS","OR10020","72h",37,-0.607,"homogeneous","GLO",1.65,FALSE,"auto",NA,"GEV",2.351,0.701,TRUE,706.5,313.9,706.5,55.6,TRUE
"MINATARE","NE01075","24h",38,0.09,"homogeneous","GEV",1.055,TRUE,"auto",NA,"GNO",1.616,0.561,FALSE,163.1,98.8,243.2,88.6,FALSE
"MINATARE","NE01075","72h",39,0.762,"homogeneous","GEV",1.222,TRUE,"auto",NA,"GNO",1.418,0.196,TRUE,176.3,112,262.7,85.4,FALSE
"SCOGGINS","OR00685","24h",36,0.788,"homogeneous","GEV",1.199,TRUE,"auto",NA,"GNO",1.696,0.497,TRUE,315,198.6,458.3,82.5,FALSE
"SCOGGINS","OR00685","72h",37,-0.603,"homogeneous","GLO",1.653,FALSE,"auto",NA,"GEV",2.345,0.692,TRUE,706.5,313.9,706.5,55.6,TRUE
"EAST CANYON","UT10119","24h",44,-1.238,"homogeneous","GLO",1.93,FALSE,"auto",NA,"GEV",2.316,0.386,TRUE,184.3,80.1,184.3,56.5,TRUE
"EAST CANYON","UT10119","72h",44,0.642,"homogeneous","GLO",1.701,FALSE,"auto",NA,"GEV",2.962,1.261,TRUE,235.7,104.2,235.7,55.8,TRUE
"MORMON FLAT","AZ10313","24h",48,0.794,"homogeneous","GLO",1.726,FALSE,"auto",NA,"GEV",2.888,1.162,TRUE,294.7,119.5,294.7,59.4,TRUE
"MORMON FLAT","AZ10313","72h",47,0.57,"homogeneous","GEV",0.065,TRUE,"auto",NA,"GNO",1.043,0.978,FALSE,319,181.1,473.8,91.7,FALSE
"BIG SANDY","WY01387","24h",33,1.485,"acceptably homogeneous (H1 in [1,2))","GEV",0.743,TRUE,"auto",NA,"GNO",1.365,0.622,FALSE,112.2,66.1,167.7,90.5,FALSE
"BIG SANDY","WY01387","72h",46,5.434,"heterogeneous (H1 >= 2 — review region manually)","GLO",1.955,FALSE,"auto",NA,"GEV",2.196,0.241,TRUE,224,89.1,224,60.2,TRUE
"EAST PARK DAM","CA10145","24h",43,0.067,"homogeneous","GEV",0.394,TRUE,"auto",NA,"GNO",1.063,0.669,FALSE,376.5,230.8,555.2,86.2,FALSE
"EAST PARK DAM","CA10145","72h",41,0.945,"homogeneous","GEV",0.227,TRUE,"auto",NA,"GNO",0.844,0.617,FALSE,824.1,466.2,1221.5,91.7,FALSE
"COLD SPRINGS RES. (USBR)","OR00590","24h",44,0.712,"homogeneous","GEV",1.663,FALSE,"auto",NA,"GLO",1.72,0.057,TRUE,147,84.8,214.1,87.9,TRUE
"COLD SPRINGS RES. (USBR)","OR00590","72h",43,0.78,"homogeneous","GEV",1.803,FALSE,"auto",NA,"GLO",2.106,0.303,TRUE,179,107.9,260.8,85.4,TRUE
"LOS BANOS CREEK DETENTION DAM","CA10167","24h",27,-0.316,"homogeneous","GEV",0.824,TRUE,"auto",NA,"GNO",1.747,0.923,FALSE,360.7,206.2,530.8,90,FALSE
"LOS BANOS CREEK DETENTION DAM","CA10167","72h",27,-0.995,"homogeneous","GEV",1.378,TRUE,"auto",NA,"GLO",1.603,0.225,TRUE,678.2,371.4,1002.3,93,FALSE
"STONY GORGE","CA10194","24h",45,-0.204,"homogeneous","GEV",0.951,TRUE,"auto",NA,"GNO",1.665,0.714,FALSE,371.8,227.4,548.2,86.3,FALSE
"STONY GORGE","CA10194","72h",43,0.627,"homogeneous","GEV",0.85,TRUE,"auto",NA,"GNO",1.858,1.008,FALSE,788.8,451,1169.5,91.1,FALSE
"MOSES LAKE SOUTH DAM","WA00128","24h",41,0.678,"homogeneous","GEV",1.393,TRUE,"auto",NA,"GNO",2.262,0.869,FALSE,215.9,128,316.4,87.3,FALSE
"MOSES LAKE SOUTH DAM","WA00128","72h",42,0.792,"homogeneous","GEV",1.251,TRUE,"auto",NA,"GNO",1.892,0.641,FALSE,304.7,187.3,447.4,85.4,FALSE
"MOON LAKE","UT10128","24h",39,0.791,"homogeneous","GLO",0.001,TRUE,"auto",NA,"GEV",3.412,3.411,FALSE,192.8,75.8,192.8,60.7,FALSE
"MOON LAKE","UT10128","72h",43,0.61,"homogeneous","GLO",1.348,TRUE,"auto",NA,"GEV",2.549,1.201,FALSE,246.7,98.4,246.7,60.1,FALSE
"BOX BUTTE","NE01069","24h",36,0.595,"homogeneous","GEV",0.275,TRUE,"auto",NA,"GNO",0.981,0.706,FALSE,176.5,104.5,263.3,90,FALSE
"BOX BUTTE","NE01069","72h",37,0.419,"homogeneous","GEV",1.276,TRUE,"auto",NA,"GNO",1.508,0.232,TRUE,180.9,114,269.8,86.1,FALSE
"PISHKUN DIKE 1","MT00575","24h",43,0.289,"homogeneous","GNO",0.237,TRUE,"auto",NA,"GEV",0.809,0.572,FALSE,170.2,101.2,264.1,95.7,FALSE
"PISHKUN DIKE 1","MT00575","72h",41,0.818,"homogeneous","GEV",1.391,TRUE,"auto",NA,"GLO",2.282,0.891,FALSE,264.2,146.3,391.1,92.7,FALSE
"GUERNSEY","WY01293","24h",37,0.657,"homogeneous","GLO",1.859,FALSE,"auto",NA,"GEV",2.056,0.197,TRUE,236.6,93.2,236.6,60.6,TRUE
"GUERNSEY","WY01293","72h",38,0.758,"homogeneous","GEV",2.173,FALSE,"auto",NA,"GLO",2.463,0.29,TRUE,182.2,110.7,273.7,89.4,TRUE
"DAVIS CREEK","NE02342","24h",28,0.479,"homogeneous","GEV",0.748,TRUE,"auto",NA,"GNO",1.643,0.895,FALSE,268.8,154.9,396,89.7,FALSE
"DAVIS CREEK","NE02342","72h",29,0.616,"homogeneous","GEV",0.659,TRUE,"auto",NA,"GNO",1.168,0.509,FALSE,257.6,159.9,380.4,85.6,FALSE
"DEERFIELD","SD01138","24h",45,0.677,"homogeneous","GEV",0.241,TRUE,"auto",NA,"GNO",0.881,0.64,FALSE,217,122.1,321.7,92,FALSE
"DEERFIELD","SD01138","72h",45,0.427,"homogeneous","GEV",0.177,TRUE,"auto",NA,"GNO",0.952,0.775,FALSE,232.7,137,347.4,90.4,FALSE
"BOCA","CA10135","24h",39,0.706,"homogeneous","GEV",0.266,TRUE,"auto",NA,"GNO",0.809,0.543,FALSE,374.1,210.7,551.4,91.1,FALSE
"BOCA","CA10135","72h",41,0.413,"homogeneous","GEV",0.338,TRUE,"auto",NA,"GNO",1.503,1.165,FALSE,673,369.1,997.1,93.3,FALSE
"COMO","MT00564","24h",36,0.804,"homogeneous","GEV",0.395,TRUE,"auto",NA,"GNO",0.823,0.428,TRUE,97.7,61.4,144.1,84.8,FALSE
"COMO","MT00564","72h",41,0.873,"homogeneous","GLO",1.499,TRUE,"auto",NA,"GEV",3.296,1.797,FALSE,209.2,94.6,209.2,54.8,FALSE
"BOR STEINAKER","UT10113","24h",47,0.413,"homogeneous","GLO",0.183,TRUE,"auto",NA,"GEV",3.365,3.182,FALSE,182.9,70.1,182.9,61.7,FALSE
"BOR STEINAKER","UT10113","72h",48,-0.034,"homogeneous","GLO",2.091,FALSE,"auto",NA,"GEV",2.208,0.117,TRUE,210.2,83,210.2,60.5,TRUE
"VEGA","CO01697","24h",43,0.809,"homogeneous","GLO",0.984,TRUE,"auto",NA,"GEV",2.976,1.992,FALSE,143.4,58.5,143.4,59.2,FALSE
"VEGA","CO01697","72h",39,0.118,"homogeneous","GLO",1.444,TRUE,"auto",NA,"GEV",2.266,0.822,FALSE,192.3,77.2,192.3,59.8,FALSE
"WILLOW CREEK BOR MT - DIKE 5","MT00577","24h",48,0.429,"homogeneous","GEV",0.341,TRUE,"auto",NA,"GNO",0.747,0.406,TRUE,168.1,96.3,249.7,91.2,FALSE
"WILLOW CREEK BOR MT - DIKE 5","MT00577","72h",45,0.65,"homogeneous","GEV",1.453,TRUE,"auto",NA,"GNO",2.466,1.013,FALSE,242.9,137.6,360.6,91.8,FALSE
"BULLY CREEK","OR00578","24h",47,0.739,"homogeneous","GEV",1.222,TRUE,"auto",NA,"GNO",2.3,1.078,FALSE,108.5,63,158.7,88.2,FALSE
"BULLY CREEK","OR00578","72h",52,3.902,"heterogeneous (H1 >= 2 — review region manually)","PE3",2.313,FALSE,"auto",NA,"GNO",3.69,1.377,TRUE,114.3,76.9,179.3,89.6,TRUE
"DICKINSON DAM","ND00148","24h",44,-1.512,"homogeneous","GEV",0.001,TRUE,"auto",NA,"GNO",0.992,0.991,FALSE,195.3,113,290.3,90.8,FALSE
"DICKINSON DAM","ND00148","72h",44,-0.414,"homogeneous","GEV",0.344,TRUE,"auto",NA,"GNO",1.004,0.66,FALSE,210.3,126.7,313.7,88.9,FALSE
"MEEKS CABIN","WY01390","24h",44,0.782,"homogeneous","GLO",0.373,TRUE,"auto",NA,"GEV",3.284,2.911,FALSE,195.1,78.9,195.1,59.6,FALSE
"MEEKS CABIN","WY01390","72h",45,0.472,"homogeneous","GLO",1.352,TRUE,"auto",NA,"GEV",2.932,1.58,FALSE,240.5,99.6,240.6,58.6,FALSE
"BUMPING LAKE DAM","WA00263","24h",47,0.867,"homogeneous","GLO",1.901,FALSE,"auto",NA,"GEV",1.907,0.006,TRUE,541.2,214.5,541.2,60.4,TRUE
"BUMPING LAKE DAM","WA00263","72h",51,0.348,"homogeneous","GLO",1.244,TRUE,"auto",NA,"GEV",2.777,1.533,FALSE,759.5,314.9,759.5,58.5,FALSE
"PILOT BUTTE","WY01381","24h",34,0.824,"homogeneous","GEV",1.478,TRUE,"auto",NA,"GNO",2.062,0.584,FALSE,121.9,72,182.2,90.4,FALSE
"PILOT BUTTE","WY01381","72h",35,1.07,"acceptably homogeneous (H1 in [1,2))","GEV",1.327,TRUE,"auto",NA,"GNO",1.931,0.604,FALSE,159,93.4,238.6,91.3,FALSE
"UPPER STILLWATER","UT00608","24h",37,0.865,"homogeneous","GLO",0.465,TRUE,"auto",NA,"GEV",3.554,3.089,FALSE,204.7,80.9,204.7,60.5,FALSE
"UPPER STILLWATER","UT00608","72h",39,0.609,"homogeneous","GLO",1.912,FALSE,"auto",NA,"GEV",2.22,0.308,TRUE,243.9,100,243.9,59,TRUE
"RED FLEET","UT82901","24h",48,0.683,"homogeneous","GLO",1.166,TRUE,"auto",NA,"GEV",2.642,1.476,FALSE,170.4,66.3,170.4,61.1,FALSE
"RED FLEET","UT82901","72h",48,0.596,"homogeneous","GEV",1.924,FALSE,"auto",NA,"GLO",2.408,0.484,TRUE,141.2,82.6,209.3,89.8,TRUE
"BOR RED FLEET","UT10155","24h",48,0.683,"homogeneous","GLO",1.162,TRUE,"auto",NA,"GEV",2.63,1.468,FALSE,170.4,66.3,170.4,61.1,FALSE
"BOR RED FLEET","UT10155","72h",48,0.597,"homogeneous","GEV",1.92,FALSE,"auto",NA,"GLO",2.404,0.484,TRUE,141.2,82.6,209.3,89.8,TRUE
"FOUR MILE LAKE DAM (USBR)","OR00022","24h",47,0.68,"homogeneous","GEV",0.571,TRUE,"auto",NA,"GNO",1.544,0.973,FALSE,221.6,127.9,326.2,89.5,FALSE
"FOUR MILE LAKE DAM (USBR)","OR00022","72h",40,0.709,"homogeneous","GEV",1.635,TRUE,"auto",NA,"GNO",2.21,0.575,FALSE,301.4,182.6,445.5,87.2,FALSE
"CRYSTAL","CO00387","24h",40,0.85,"homogeneous","GLO",1.506,TRUE,"auto",NA,"GEV",2.301,0.795,FALSE,151,60.5,151,59.9,FALSE
"CRYSTAL","CO00387","72h",40,0.65,"homogeneous","GEV",1.954,FALSE,"auto",NA,"GLO",2.098,0.144,TRUE,119.3,72.7,175.3,86,TRUE
"BLACK CANYON DIVERSION","ID00282","24h",41,0.777,"homogeneous","GEV",1.177,TRUE,"auto",NA,"GNO",2.183,1.006,FALSE,126.1,74.1,183.9,87.1,FALSE
"BLACK CANYON DIVERSION","ID00282","72h",46,0.485,"homogeneous","GEV",0.665,TRUE,"auto",NA,"GNO",1.347,0.682,FALSE,165.7,103.7,242.2,83.6,FALSE
"PROSSER CREEK","CA10179","24h",40,0.768,"homogeneous","GEV",0.399,TRUE,"auto",NA,"GNO",0.685,0.286,TRUE,373.5,211,550.9,91,FALSE
"PROSSER CREEK","CA10179","72h",42,0.349,"homogeneous","GEV",0.276,TRUE,"auto",NA,"GNO",1.436,1.16,FALSE,680.5,373.1,1008,93.3,FALSE
"UNITY","OR00593","24h",50,0.597,"homogeneous","GLO",1.947,FALSE,"auto",NA,"GEV",1.98,0.033,TRUE,178.5,71.3,178.5,60,TRUE
"UNITY","OR00593","72h",48,0.335,"homogeneous","GEV",0.709,TRUE,"auto",NA,"GNO",1.495,0.786,FALSE,142.1,87.3,207.4,84.5,FALSE
"BOR LOST CREEK (MORGAN)","UT10125","24h",46,0.513,"homogeneous","GEV",1.72,FALSE,"auto",NA,"GNO",2.39,0.67,TRUE,141.9,87.6,207.3,84.4,TRUE
"BOR LOST CREEK (MORGAN)","UT10125","72h",43,0.768,"homogeneous","GEV",1.957,FALSE,"auto",NA,"GNO",2.211,0.254,TRUE,170.8,110.6,250.3,81.8,TRUE
"THIEF VALLEY RES.","OR00592","24h",47,0.85,"homogeneous","GEV",1.301,TRUE,"auto",NA,"GNO",2.381,1.08,FALSE,141.9,83.3,206.4,86.8,FALSE
"THIEF VALLEY RES.","OR00592","72h",48,0.78,"homogeneous","GEV",0.912,TRUE,"auto",NA,"GNO",1.915,1.003,FALSE,186.6,111.9,271,85.3,FALSE
"KESWICK","CA10160","24h",44,1.018,"acceptably homogeneous (H1 in [1,2))","GLO",1.484,TRUE,"auto",NA,"GEV",2.866,1.382,FALSE,409.1,171.4,409.1,58.1,FALSE
"KESWICK","CA10160","72h",42,0.848,"homogeneous","GLO",2.092,FALSE,"auto",NA,"GEV",2.299,0.207,TRUE,747.7,302.4,747.7,59.6,TRUE
"HYATT","OR10013","24h",46,0.926,"homogeneous","GEV",0.925,TRUE,"auto",NA,"GNO",1.776,0.851,FALSE,223.6,131.3,330.4,89,FALSE
"HYATT","OR10013","72h",39,0.741,"homogeneous","GEV",0.796,TRUE,"auto",NA,"GNO",1.163,0.367,TRUE,318.1,199.1,471.4,85.6,FALSE
"CRAWFORD","CO00556","24h",39,0.506,"homogeneous","GEV",2.022,FALSE,"auto",NA,"GLO",2.066,0.044,TRUE,96.6,58,142.2,87.2,TRUE
"CRAWFORD","CO00556","72h",41,0.934,"homogeneous","GEV",1.998,FALSE,"auto",NA,"GLO",2.042,0.044,TRUE,125.3,74.9,184.2,87.3,TRUE
"PAONIA","CO01691","24h",37,0.689,"homogeneous","GLO",1.772,FALSE,"auto",NA,"GEV",2.326,0.554,TRUE,136.1,56.1,136.1,58.8,TRUE
"PAONIA","CO01691","72h",39,0.817,"homogeneous","GLO",1.481,TRUE,"auto",NA,"GEV",2.564,1.083,FALSE,177.1,72.9,177.1,58.8,FALSE
"ANCHOR","WY01298","24h",38,0.978,"homogeneous","GEV",0.743,TRUE,"auto",NA,"GNO",1.484,0.741,FALSE,128.3,74.7,192.2,91.6,FALSE
"ANCHOR","WY01298","72h",37,0.81,"homogeneous","GEV",0.08,TRUE,"auto",NA,"GNO",0.669,0.589,FALSE,155.4,92.1,234.1,91.4,FALSE
"AVALON","NM00132","24h",41,0.04,"homogeneous","GEV",0.386,TRUE,"auto",NA,"GNO",1.377,0.991,FALSE,265.2,146.4,398.2,94.9,FALSE
"AVALON","NM00132","72h",40,0.318,"homogeneous","GEV",0.437,TRUE,"auto",NA,"GNO",0.936,0.499,TRUE,432.7,224.7,637.2,95.3,FALSE
"HYATT RESERVOIR","OR00591","24h",46,0.926,"homogeneous","GEV",0.925,TRUE,"auto",NA,"GNO",1.776,0.851,FALSE,223.6,131.3,330.4,89,FALSE
"HYATT RESERVOIR","OR00591","72h",39,0.741,"homogeneous","GEV",0.796,TRUE,"auto",NA,"GNO",1.163,0.367,TRUE,318.1,199.1,471.4,85.6,FALSE
"CC CRAGIN","AZ00021","24h",48,0.55,"homogeneous","GLO",1.728,FALSE,"auto",NA,"GEV",2.342,0.614,TRUE,337.5,131.1,337.5,61.2,TRUE
"CC CRAGIN","AZ00021","72h",48,0.291,"homogeneous","GEV",0.7,TRUE,"auto",NA,"GNO",1.603,0.903,FALSE,292,170.2,434.4,90.5,FALSE
"HYRUM","UT10123","24h",46,0.681,"homogeneous","GEV",0.678,TRUE,"auto",NA,"GNO",1.691,1.013,FALSE,153.9,90.6,225,87.3,FALSE
"HYRUM","UT10123","72h",47,-0.015,"homogeneous","GEV",1.78,FALSE,"auto",NA,"GNO",2.548,0.768,TRUE,192.4,117.3,282.1,85.7,TRUE
"SHADOW MOUNTAIN","CO01666","24h",26,-0.063,"homogeneous","GLO",0.49,TRUE,"auto",NA,"GEV",2.117,1.627,FALSE,370.5,136.4,370.5,63.2,FALSE
"SHADOW MOUNTAIN","CO01666","72h",25,0.391,"homogeneous","GLO",0.874,TRUE,"auto",NA,"GEV",2.273,1.399,FALSE,605,222.4,605,63.2,FALSE
"SALMON LAKE","WA00291","24h",46,0.943,"homogeneous","GEV",0.365,TRUE,"auto",NA,"GNO",1.219,0.854,FALSE,188.6,110.8,277.6,88.5,FALSE
"SALMON LAKE","WA00291","72h",49,0.493,"homogeneous","GEV",1.058,TRUE,"auto",NA,"GNO",1.823,0.765,FALSE,252.3,150.8,371.4,87.5,FALSE
"CURRANT CREEK","UT10149","24h",38,0.664,"homogeneous","GLO",1.181,TRUE,"auto",NA,"GEV",2.852,1.671,FALSE,177.8,73.8,177.8,58.5,FALSE
"CURRANT CREEK","UT10149","72h",39,0.834,"homogeneous","GLO",0.944,TRUE,"auto",NA,"GEV",2.698,1.754,FALSE,251.9,103.3,251.9,59,FALSE
"CONCONULLY","WA00259","24h",45,0.82,"homogeneous","GEV",0.426,TRUE,"auto",NA,"GNO",1.275,0.849,FALSE,192.9,113.8,284.3,88.4,FALSE
"CONCONULLY","WA00259","72h",50,0.441,"homogeneous","GEV",1.182,TRUE,"auto",NA,"GNO",1.902,0.72,FALSE,257.3,154.5,379.3,87.4,FALSE
"GRASSY LAKE","WY01384","24h",39,0.801,"homogeneous","GEV",1.086,TRUE,"auto",NA,"GNO",1.898,0.812,FALSE,115,70,167.2,84.5,FALSE
"GRASSY LAKE","WY01384","72h",43,0.655,"homogeneous","GEV",2.06,FALSE,"auto",NA,"GLO",2.088,0.028,TRUE,167.8,103.3,243.7,83.6,TRUE
"WASCO DAM","OR00326","24h",35,0.877,"homogeneous","GEV",0.919,TRUE,"auto",NA,"GNO",1.712,0.793,FALSE,281.6,166.9,413.4,87.5,FALSE
"WASCO DAM","OR00326","72h",38,0.97,"homogeneous","GLO",1.031,TRUE,"auto",NA,"GEV",2.632,1.601,FALSE,635.4,262.9,635.4,58.6,FALSE
"FOURMILE LAKE","OR10011","24h",47,0.68,"homogeneous","GEV",0.571,TRUE,"auto",NA,"GNO",1.544,0.973,FALSE,221.6,127.9,326.2,89.5,FALSE
"FOURMILE LAKE","OR10011","72h",40,0.709,"homogeneous","GEV",1.635,TRUE,"auto",NA,"GNO",2.21,0.575,FALSE,301.4,182.6,445.5,87.2,FALSE
"SILVER JACK","CO01693","24h",40,0.6,"homogeneous","GEV",1.602,TRUE,"auto",NA,"GNO",2.225,0.623,FALSE,106.9,65.5,157.3,85.9,FALSE
"SILVER JACK","CO01693","72h",40,0.37,"homogeneous","GEV",2.254,FALSE,"auto",NA,"GLO",2.258,0.004,TRUE,132.2,82.9,194.2,84.2,TRUE
"MANN CREEK","ID00285","24h",49,0.877,"homogeneous","GEV",1.749,FALSE,"auto",NA,"GLO",2.422,0.673,TRUE,127.5,75.4,185.8,86.5,TRUE
"MANN CREEK","ID00285","72h",50,0.808,"homogeneous","GEV",0.221,TRUE,"auto",NA,"GNO",0.953,0.732,FALSE,163.1,101.5,238,83.7,FALSE
"LAKE ALICE NO. 1","NE01072","24h",37,0.701,"homogeneous","GEV",0.958,TRUE,"auto",NA,"GNO",1.56,0.602,FALSE,166.3,99.5,248.4,89.5,FALSE
"LAKE ALICE NO. 1","NE01072","72h",37,0.647,"homogeneous","GEV",1.344,TRUE,"auto",NA,"GNO",1.618,0.274,TRUE,181.7,113.6,271.5,86.9,FALSE
"NORTH SCOOTENEY DIKE","WA00267","24h",42,0.714,"homogeneous","GLO",1.329,TRUE,"auto",NA,"GEV",2.2,0.871,FALSE,222.6,89.2,222.6,59.9,FALSE
"NORTH SCOOTENEY DIKE","WA00267","72h",43,0.771,"homogeneous","GLO",2.007,FALSE,"auto",NA,"GEV",2.673,0.666,TRUE,235.8,103.8,235.8,56,TRUE
"SCOOTENEY RESERVOIR OUTLET DAM","WA00566","24h",44,0.842,"homogeneous","GLO",1.618,TRUE,"auto",NA,"GEV",2.08,0.462,TRUE,213.1,85.6,213.1,59.8,FALSE
"SCOOTENEY RESERVOIR OUTLET DAM","WA00566","72h",43,0.642,"homogeneous","GLO",1.998,FALSE,"auto",NA,"GEV",2.433,0.435,TRUE,227.5,99.6,227.5,56.2,TRUE
"SCOOTENEY DIKE 1","WA82908","24h",43,0.582,"homogeneous","GLO",1.645,FALSE,"auto",NA,"GEV",2.017,0.372,TRUE,215.7,86.6,215.7,59.9,TRUE
"SCOOTENEY DIKE 1","WA82908","72h",43,0.644,"homogeneous","GLO",2.002,FALSE,"auto",NA,"GEV",2.442,0.44,TRUE,227.5,99.6,227.5,56.2,TRUE
"LEWISTON","CA10165","24h",41,0.841,"homogeneous","GLO",2.359,FALSE,"auto",NA,"GEV",2.378,0.019,TRUE,361.9,154.9,361.9,57.2,TRUE
"LEWISTON","CA10165","72h",40,0.727,"homogeneous","GEV",1.775,FALSE,"auto",NA,"GNO",2.179,0.404,TRUE,431.4,266.4,642.9,87.3,TRUE
"WILLOW CREEK","CO01670","24h",25,-0.204,"homogeneous","GLO",1.585,TRUE,"auto",NA,"GEV",3.103,1.518,FALSE,375.1,138.6,375.1,63.1,FALSE
"WILLOW CREEK","CO01670","72h",25,0.776,"homogeneous","GLO",1.461,TRUE,"auto",NA,"GEV",2.707,1.246,FALSE,609.8,225.3,609.8,63,FALSE
"SPECTACLE LAKE DIKE","WA00272","24h",44,0.65,"homogeneous","GEV",0.601,TRUE,"auto",NA,"GNO",1.45,0.849,FALSE,159.2,94.7,233.6,87.2,FALSE
"SPECTACLE LAKE DIKE","WA00272","72h",46,0.829,"homogeneous","GEV",1.046,TRUE,"auto",NA,"GNO",1.852,0.806,FALSE,227.6,135.9,334.2,87.1,FALSE
"BOR STATELINE SUMMIT CO.","UT10156","24h",39,0.921,"homogeneous","GLO",0.722,TRUE,"auto",NA,"GEV",2.925,2.203,FALSE,170.6,68.3,170.6,60,FALSE
"BOR STATELINE SUMMIT CO.","UT10156","72h",45,0.85,"homogeneous","GLO",1.891,FALSE,"auto",NA,"GEV",2.544,0.653,TRUE,218.1,88.6,218.1,59.4,TRUE
"SENATOR WASH","CA10185","24h",7,0.299,"homogeneous","GNO",0.082,TRUE,"auto",NA,"GEV",0.362,0.28,TRUE,247.6,143.3,406.7,106.3,FALSE
"SENATOR WASH","CA10185","72h",7,-0.299,"homogeneous","GEV",0.154,TRUE,"auto",NA,"GNO",0.556,0.402,TRUE,353.9,186.7,530.2,97.1,FALSE
"LAKE ALICE LOWER DAM (NO 1 1-2)","NE01071","24h",37,0.68,"homogeneous","GEV",1.016,TRUE,"auto",NA,"GNO",1.567,0.551,FALSE,163.5,98.6,244.2,89.1,FALSE
"LAKE ALICE LOWER DAM (NO 1 1-2)","NE01071","72h",37,0.648,"homogeneous","GEV",1.397,TRUE,"auto",NA,"GNO",1.644,0.247,TRUE,179.9,113,268.7,86.5,FALSE
"LITTLE PANOCHE DETENTION","CA10166","24h",25,0.252,"homogeneous","GEV",1.199,TRUE,"auto",NA,"GLO",1.962,0.763,FALSE,356.9,205.8,527.1,90,FALSE
"LITTLE PANOCHE DETENTION","CA10166","72h",25,-0.603,"homogeneous","GLO",1.137,TRUE,"auto",NA,"GEV",1.566,0.429,TRUE,1019.6,377,1019.6,63,FALSE
"EDEN DIKE 1","WY01388","24h",35,1.17,"acceptably homogeneous (H1 in [1,2))","GEV",1.196,TRUE,"auto",NA,"GNO",1.961,0.765,FALSE,111.6,65.5,166.2,90.3,FALSE
"EDEN DIKE 1","WY01388","72h",35,1.85,"acceptably homogeneous (H1 in [1,2))","GLO",1.838,FALSE,"auto",NA,"GEV",1.988,0.15,TRUE,215.8,85.1,215.8,60.6,TRUE
"SAN JUSTO","CA10323","24h",14,0.204,"homogeneous","GLO",0.545,TRUE,"auto",NA,"GEV",1.878,1.333,FALSE,441.7,177,441.7,59.9,FALSE
"SAN JUSTO","CA10323","72h",13,-0.573,"homogeneous","GLO",0.707,TRUE,"auto",NA,"GEV",1.61,0.903,FALSE,735.7,286.3,735.6,61.1,FALSE
"MT. ELBERT FOREBAY","CO00446","24h",36,0.553,"homogeneous","GLO",1.39,TRUE,"auto",NA,"GEV",2.448,1.058,FALSE,178.5,71.9,178.5,59.7,FALSE
"MT. ELBERT FOREBAY","CO00446","72h",35,0.737,"homogeneous","GEV",1.541,TRUE,"auto",NA,"GLO",2.151,0.61,FALSE,164.7,96.4,242.2,88.6,FALSE
"REACH 11 DETENTION DIKE 4","AZ82914","24h",47,0.403,"homogeneous","GLO",2.02,FALSE,"auto",NA,"GEV",2.359,0.339,TRUE,308.2,122.8,308.2,60.2,TRUE
"REACH 11 DETENTION DIKE 4","AZ82914","72h",49,1.051,"acceptably homogeneous (H1 in [1,2))","GEV",0.787,TRUE,"auto",NA,"GNO",1.951,1.164,FALSE,332.2,187.5,493.2,92,FALSE
"HELENA VALLEY","MT00743","24h",44,0.896,"homogeneous","GNO",0.337,TRUE,"auto",NA,"GEV",0.655,0.318,TRUE,138.1,82.8,212.8,94.2,FALSE
"HELENA VALLEY","MT00743","72h",41,0.731,"homogeneous","GEV",0.712,TRUE,"auto",NA,"GNO",1.51,0.798,FALSE,178.6,105.4,264.6,89.1,FALSE
"SODA LAKE DIKE","WA00271","24h",40,0.788,"homogeneous","GEV",1.195,TRUE,"auto",NA,"GNO",2.12,0.925,FALSE,210,122.2,308.2,88.6,FALSE
"SODA LAKE DIKE","WA00271","72h",43,1.052,"acceptably homogeneous (H1 in [1,2))","GEV",1.687,FALSE,"auto",NA,"GNO",2.376,0.689,TRUE,265.7,162.2,389.8,85.7,TRUE
"JACKSON GULCH","CO01685","24h",41,0.499,"homogeneous","GEV",1.015,TRUE,"auto",NA,"GNO",1.896,0.881,FALSE,130.8,76.5,192.9,89,FALSE
"JACKSON GULCH","CO01685","72h",43,0.934,"homogeneous","GLO",1.722,FALSE,"auto",NA,"GEV",2.885,1.163,TRUE,207.8,87.6,207.8,57.9,TRUE
"FISH LAKE","OR00021","24h",46,0.9,"homogeneous","GEV",0.37,TRUE,"auto",NA,"GNO",1.243,0.873,FALSE,217.3,127.2,320.7,89.1,FALSE
"FISH LAKE","OR00021","72h",39,0.396,"homogeneous","GEV",1.756,FALSE,"auto",NA,"GNO",2.275,0.519,TRUE,309.5,189.4,458.2,86.9,TRUE
"NIMBUS","CA10174","24h",54,0.327,"homogeneous","GEV",0.523,TRUE,"auto",NA,"GNO",0.657,0.134,TRUE,423.4,244.4,624.5,89.8,FALSE
"NIMBUS","CA10174","72h",51,-0.607,"homogeneous","GEV",0.437,TRUE,"auto",NA,"GNO",1.636,1.199,FALSE,778.2,438.9,1157.2,92.3,FALSE
"BOR CAUSEY","UT10116","24h",45,0.633,"homogeneous","GEV",1.893,FALSE,"auto",NA,"GLO",2.151,0.258,TRUE,150.4,90.8,220.2,86.1,TRUE
"BOR CAUSEY","UT10116","72h",48,0.976,"homogeneous","GLO",1.583,TRUE,"auto",NA,"GEV",3.189,1.606,FALSE,257.8,112,257.8,56.6,FALSE
"WARREN H. BROCK DIKES","CA10362","24h",22,0.392,"homogeneous","GEV",0.109,TRUE,"auto",NA,"GNO",0.915,0.806,FALSE,295.3,159.4,437.9,94.3,FALSE
"WARREN H. BROCK DIKES","CA10362","72h",24,-0.173,"homogeneous","GEV",0.081,TRUE,"auto",NA,"GNO",1.074,0.993,FALSE,517.1,266.4,756.3,94.7,FALSE
"EAGLE LAKE DAM","WA00537","24h",41,0.788,"homogeneous","GLO",1.741,FALSE,"auto",NA,"GEV",1.987,0.246,TRUE,228.6,92.1,228.6,59.7,TRUE
"EAGLE LAKE DAM","WA00537","72h",41,0.766,"homogeneous","GLO",1.836,FALSE,"auto",NA,"GEV",2.509,0.673,TRUE,258.3,112.1,258.3,56.6,TRUE
"FRUITGROWERS","CO01683","24h",39,0.84,"homogeneous","GLO",1.458,TRUE,"auto",NA,"GEV",2.422,0.964,FALSE,150.1,60.2,150.1,59.9,FALSE
"FRUITGROWERS","CO01683","72h",40,0.332,"homogeneous","GLO",1.471,TRUE,"auto",NA,"GEV",2.403,0.932,FALSE,181.5,74.2,181.5,59.1,FALSE
"HAYSTACK","OR00287","24h",44,5.801,"heterogeneous (H1 >= 2 — review region manually)","GEV",0.253,TRUE,"auto",NA,"GNO",0.633,0.38,TRUE,217.1,128.5,319.7,88.1,TRUE
"HAYSTACK","OR00287","72h",35,1.472,"acceptably homogeneous (H1 in [1,2))","GEV",1.481,TRUE,"auto",NA,"GLO",2.185,0.704,FALSE,292.3,172.4,430,88.1,FALSE
"UPPER SAN MARCOS RIVER WS NRCS SITE 5 DAM","TX07247","24h",9,0.209,"homogeneous","GLO",0.525,TRUE,"auto",NA,"GEV",0.812,0.287,TRUE,667.2,247.7,667.2,62.9,FALSE
"UPPER SAN MARCOS RIVER WS NRCS SITE 5 DAM","TX07247","72h",9,0.34,"homogeneous","GLO",0.524,TRUE,"auto",NA,"GEV",0.78,0.256,TRUE,881.3,319.6,881.2,63.7,FALSE
"SPRING CREEK DEBRIS","CA10190","24h",43,0.636,"homogeneous","GLO",1.66,FALSE,"auto",NA,"GEV",2.692,1.032,TRUE,380.1,161,380.1,57.6,TRUE
"SPRING CREEK DEBRIS","CA10190","72h",41,0.748,"homogeneous","GEV",2.09,FALSE,"auto",NA,"GLO",2.329,0.239,TRUE,483.5,292.1,721.7,88.8,TRUE
"LAKE CAMEAHWAIT","WY01302","24h",34,0.624,"homogeneous","GEV",1.123,TRUE,"auto",NA,"GNO",1.697,0.574,FALSE,123.7,73.5,185.4,90.5,FALSE
"LAKE CAMEAHWAIT","WY01302","72h",31,0.768,"homogeneous","GEV",0.857,TRUE,"auto",NA,"GNO",1.258,0.401,TRUE,147.6,89.1,222.4,90.3,FALSE
"BOR NEWTON","UT10129","24h",45,0.509,"homogeneous","GEV",1.278,TRUE,"auto",NA,"GNO",2.279,1.001,FALSE,149.6,87.8,218.6,87.4,FALSE
"BOR NEWTON","UT10129","72h",47,0.653,"homogeneous","GEV",1.211,TRUE,"auto",NA,"GNO",2.111,0.9,FALSE,194.9,117,285.3,86.4,FALSE
"PEC 66.0 HYDRO POWER PLANT","WA00346","24h",44,0.745,"homogeneous","GLO",1.324,TRUE,"auto",NA,"GEV",2.356,1.032,FALSE,242,95.8,242,60.4,FALSE
"PEC 66.0 HYDRO POWER PLANT","WA00346","72h",44,0.885,"homogeneous","GEV",1.887,FALSE,"auto",NA,"GLO",2.082,0.195,TRUE,198.5,120.9,289.8,85.1,TRUE
"BOR HUNTINGTON NORTH","UT10122","24h",37,1.098,"acceptably homogeneous (H1 in [1,2))","GLO",0.962,TRUE,"auto",NA,"GEV",2.33,1.368,FALSE,187.9,73.4,187.9,60.9,FALSE
"BOR HUNTINGTON NORTH","UT10122","72h",39,0.911,"homogeneous","GLO",1.602,TRUE,"auto",NA,"GEV",2.025,0.423,TRUE,241,95.3,241,60.5,FALSE
"AGATE DAM","OR00422","24h",47,0.682,"homogeneous","GEV",0.739,TRUE,"auto",NA,"GNO",1.722,0.983,FALSE,231.9,134.4,341.6,89.4,FALSE
"AGATE DAM","OR00422","72h",39,0.473,"homogeneous","GEV",1.755,FALSE,"auto",NA,"GNO",2.312,0.557,TRUE,321,196.3,475.2,86.9,TRUE
"EASTON DIVERSION","WA00276","24h",48,0.944,"homogeneous","GEV",1.552,TRUE,"auto",NA,"GLO",1.959,0.407,TRUE,364.6,208.3,535.3,89.7,FALSE
"EASTON DIVERSION","WA00276","72h",50,-0.172,"homogeneous","GLO",1.142,TRUE,"auto",NA,"GEV",2.698,1.556,FALSE,720.7,295.7,720.7,59,FALSE
"KORTES","WY01294","24h",41,0.89,"homogeneous","GLO",1.112,TRUE,"auto",NA,"GEV",1.964,0.852,FALSE,260.6,95.8,260.6,63.2,FALSE
"KORTES","WY01294","72h",37,0.916,"homogeneous","GEV",1.177,TRUE,"auto",NA,"GNO",2.149,0.972,FALSE,197.8,110.1,294,92.9,FALSE
"BOR WASHINGTON LAKE","UT00315","24h",38,0.628,"homogeneous","GLO",1.736,FALSE,"auto",NA,"GEV",2.749,1.013,TRUE,174.6,75.6,174.7,56.7,TRUE
"BOR WASHINGTON LAKE","UT00315","72h",38,0.822,"homogeneous","GLO",0.544,TRUE,"auto",NA,"GEV",3.7,3.156,FALSE,221.9,98.5,221.9,55.6,FALSE
"RED BLUFF DIVERSION","CA10181","24h",47,0.762,"homogeneous","GEV",2.277,FALSE,"auto",NA,"GLO",2.646,0.369,TRUE,330.7,204.6,486.8,85.3,TRUE
"RED BLUFF DIVERSION","CA10181","72h",48,0.627,"homogeneous","GEV",1.706,FALSE,"auto",NA,"GNO",2.431,0.725,TRUE,629.5,374.6,937,89.3,TRUE
"PATTERSON LAKE DAM","WA00073","24h",49,0.406,"homogeneous","PE3",0.815,TRUE,"auto",NA,"GNO",2.238,1.423,FALSE,202.9,136.8,336.8,98.5,FALSE
"PATTERSON LAKE DAM","WA00073","72h",50,0.447,"homogeneous","GEV",1.876,FALSE,"auto",NA,"GLO",2.397,0.521,TRUE,317.3,193.3,467.2,86.3,TRUE
"RESERVOIR A","ID00261","24h",42,0.756,"homogeneous","GLO",2,FALSE,"auto",NA,"GEV",2.132,0.132,TRUE,209.3,87.9,209.3,58,TRUE
"RESERVOIR A","ID00261","72h",46,-0.56,"homogeneous","GLO",2.018,FALSE,"auto",NA,"GEV",2.832,0.814,TRUE,273.6,120.4,273.6,56,TRUE
"CLEAR CREEK DAM","WA00264","24h",47,0.769,"homogeneous","GEV",1.274,TRUE,"auto",NA,"GLO",2.207,0.933,FALSE,365.4,209.8,537.6,89.7,FALSE
"CLEAR CREEK DAM","WA00264","72h",50,-0.014,"homogeneous","GLO",0.976,TRUE,"auto",NA,"GEV",3.032,2.056,FALSE,743.9,306.2,743.9,58.8,FALSE
"WAPATO LAKE DAM","WA00321","24h",50,0.802,"homogeneous","GEV",1.003,TRUE,"auto",NA,"GNO",1.87,0.867,FALSE,270.4,160,398.8,88.3,FALSE
"WAPATO LAKE DAM","WA00321","72h",51,0.393,"homogeneous","GEV",1.533,TRUE,"auto",NA,"GNO",2.239,0.706,FALSE,394.1,239,580.5,86.7,FALSE
"CONTRA LOMA","CA10143","24h",33,-0.185,"homogeneous","GEV",0.607,TRUE,"auto",NA,"GNO",1.532,0.925,FALSE,420.9,242.6,619.1,89.5,FALSE
"CONTRA LOMA","CA10143","72h",31,-1.592,"homogeneous","GEV",0.394,TRUE,"auto",NA,"GNO",1.509,1.115,FALSE,850.9,464.5,1253.6,92.7,FALSE
"SOLDIERS MEADOW","ID10002","24h",48,0.683,"homogeneous","GLO",1.29,TRUE,"auto",NA,"GEV",2.479,1.189,FALSE,217.7,90.6,217.7,58.4,FALSE
"SOLDIERS MEADOW","ID10002","72h",49,-0.558,"homogeneous","GLO",1.724,FALSE,"auto",NA,"GEV",2.679,0.955,TRUE,294.6,126.6,294.6,57,TRUE
"OLYMPUS","CO01662","24h",17,0.782,"homogeneous","GEV",0.685,TRUE,"auto",NA,"GLO",0.875,0.19,TRUE,238.9,128.5,347.4,91.7,FALSE
"OLYMPUS","CO01662","72h",17,0.25,"homogeneous","GEV",0.007,TRUE,"auto",NA,"GNO",0.764,0.757,FALSE,349.6,185.2,508.8,92.6,FALSE
"ANTILON LAKE DAM","WA00081","24h",50,0.867,"homogeneous","GEV",0.982,TRUE,"auto",NA,"GNO",1.825,0.843,FALSE,274.4,162.7,404.1,88,FALSE
"ANTILON LAKE DAM","WA00081","72h",51,0.119,"homogeneous","GEV",1.6,TRUE,"auto",NA,"GNO",2.315,0.715,FALSE,392.1,237.2,577.2,86.7,FALSE
"NAMBE FALLS","NM00412","24h",43,0.712,"homogeneous","GEV",1.501,TRUE,"auto",NA,"GNO",1.964,0.463,TRUE,123.8,76.6,183.4,86.3,FALSE
"NAMBE FALLS","NM00412","72h",41,0.669,"homogeneous","GLO",1.937,FALSE,"auto",NA,"GEV",2.387,0.45,TRUE,246.1,101.2,246.1,58.9,TRUE
"SEMLER DAM","NE00732","24h",32,0.751,"homogeneous","GEV",0.427,TRUE,"auto",NA,"GNO",1.346,0.919,FALSE,257.4,149.5,379.7,89.4,FALSE
"SEMLER DAM","NE00732","72h",32,0.693,"homogeneous","GEV",0.738,TRUE,"auto",NA,"GNO",1.377,0.639,FALSE,272.5,165,402.9,87.3,FALSE
"DERBY DIVERSION","NV10121","24h",38,0.88,"homogeneous","GEV",0.603,TRUE,"auto",NA,"GNO",1.613,1.01,FALSE,251.5,141.9,373.5,92.1,FALSE
"DERBY DIVERSION","NV10121","72h",38,0.574,"homogeneous","GEV",1.656,FALSE,"auto",NA,"GLO",1.908,0.252,TRUE,422.6,233.7,629.7,93.7,TRUE
"FUNKS","CA10245","24h",50,0.203,"homogeneous","GEV",0.235,TRUE,"auto",NA,"GNO",0.739,0.504,FALSE,396.7,235.7,584.8,88,FALSE
"FUNKS","CA10245","72h",49,0.467,"homogeneous","GEV",0.042,TRUE,"auto",NA,"GNO",1.215,1.173,FALSE,803.8,454,1192.4,91.9,FALSE
"LOST RIVER DIVERSION","OR00586","24h",46,0.896,"homogeneous","GEV",1.513,TRUE,"auto",NA,"GLO",2.343,0.83,FALSE,198.2,116.1,292.3,88.9,FALSE
"LOST RIVER DIVERSION","OR00586","72h",41,0.93,"homogeneous","GEV",1.514,TRUE,"auto",NA,"GNO",2.132,0.618,FALSE,289.4,175.3,428.2,87.4,FALSE
"RATTLESNAKE","CO01663","24h",15,0.481,"homogeneous","GLO",0.455,TRUE,"auto",NA,"GEV",0.959,0.504,FALSE,326.5,121.4,326.4,62.8,FALSE
"RATTLESNAKE","CO01663","72h",15,0.574,"homogeneous","GNO",0.206,TRUE,"auto",NA,"GEV",0.417,0.211,TRUE,274.5,163.7,443.9,102.1,FALSE
"TRIAL LAKE","UT00301","24h",40,0.994,"homogeneous","GLO",1.561,TRUE,"auto",NA,"GEV",2.882,1.321,FALSE,176,76.4,176,56.6,FALSE
"TRIAL LAKE","UT00301","72h",39,0.747,"homogeneous","GLO",1.101,TRUE,"auto",NA,"GEV",3.157,2.056,FALSE,237.5,102.8,237.5,56.7,FALSE
"WILLWOOD DIVERSION","WY01382","24h",37,0.941,"homogeneous","GEV",1.125,TRUE,"auto",NA,"GNO",2.209,1.084,FALSE,163.7,90.6,242,92.5,FALSE
"WILLWOOD DIVERSION","WY01382","72h",34,0.777,"homogeneous","GEV",0.298,TRUE,"auto",NA,"GNO",0.715,0.417,TRUE,200.8,112.8,299,92.7,FALSE
"SAND MESA NO. 1","WY00916","24h",35,0.925,"homogeneous","GEV",1.068,TRUE,"auto",NA,"GNO",1.664,0.596,FALSE,126.7,74.8,190,90.9,FALSE
"SAND MESA NO. 1","WY00916","72h",32,1.009,"acceptably homogeneous (H1 in [1,2))","GEV",0.385,TRUE,"auto",NA,"GNO",0.769,0.384,TRUE,151.8,91.6,228.9,90.5,FALSE
"MERKLE DAM","OH02253","24h",15,0.015,"homogeneous","GNO",0.36,TRUE,"auto",NA,"PE3",0.625,0.265,TRUE,152.3,96,222.6,83.1,FALSE
"MERKLE DAM","OH02253","72h",15,-0.31,"homogeneous","PE3",0.236,TRUE,"auto",NA,"GNO",1.037,0.801,FALSE,144.1,98.9,217.8,82.5,FALSE
"GRAY REEF","WY01292","24h",38,-0.491,"homogeneous","GLO",1.423,TRUE,"auto",NA,"GEV",1.657,0.234,TRUE,262,96.5,262,63.2,FALSE
"GRAY REEF","WY01292","72h",37,-0.142,"homogeneous","GEV",0.503,TRUE,"auto",NA,"GNO",1.361,0.858,FALSE,200.7,112.5,300,93.5,FALSE
"LAGUNA DIVERSION","AZ10315","24h",8,0.139,"homogeneous","GNO",0.046,TRUE,"auto",NA,"GEV",0.481,0.435,TRUE,237.8,136.5,384.4,104.3,FALSE
"LAGUNA DIVERSION","AZ10315","72h",8,-0.339,"homogeneous","GEV",0.086,TRUE,"auto",NA,"GNO",0.298,0.212,TRUE,333.7,179.2,504.4,97.5,FALSE
"UPPER SALT CREEK STRUCTURE 3 DAM","IL50045","24h",15,0.015,"homogeneous","GNO",0.36,TRUE,"auto",NA,"PE3",0.625,0.265,TRUE,152.3,96,222.6,83.1,FALSE
"UPPER SALT CREEK STRUCTURE 3 DAM","IL50045","72h",15,-0.31,"homogeneous","PE3",0.236,TRUE,"auto",NA,"GNO",1.037,0.801,FALSE,144.1,98.9,217.8,82.5,FALSE
"LOWER GOOSE LAKE DAM","WA00315","24h",37,0.628,"homogeneous","GEV",1.071,TRUE,"auto",NA,"GNO",1.999,0.928,FALSE,196.8,115.8,288.3,87.6,FALSE
"LOWER GOOSE LAKE DAM","WA00315","72h",39,0.924,"homogeneous","GEV",1.648,FALSE,"auto",NA,"GLO",2.238,0.59,TRUE,294.2,177.4,432,86.6,TRUE
"FLATIRON","CO01654","24h",14,0.631,"homogeneous","GLO",0.599,TRUE,"auto",NA,"GEV",0.814,0.215,TRUE,313.6,117.4,313.6,62.6,FALSE
"FLATIRON","CO01654","72h",14,0.384,"homogeneous","GNO",0.229,TRUE,"auto",NA,"GEV",0.798,0.569,FALSE,259.3,154,412.3,99.6,FALSE
"SAN JACINTO","CA10182","24h",46,0.848,"homogeneous","GEV",0.514,TRUE,"auto",NA,"GNO",0.696,0.182,TRUE,498.6,266.5,741.1,95.2,FALSE
"SAN JACINTO","CA10182","72h",48,0.677,"homogeneous","GNO",0.843,TRUE,"auto",NA,"PE3",1.943,1.1,FALSE,776.3,457.9,1317,110.7,FALSE
"BOR LOST LAKE","UT00184","24h",38,0.726,"homogeneous","GLO",1.512,TRUE,"auto",NA,"GEV",2.833,1.321,FALSE,181.3,77.2,181.3,57.4,FALSE
"BOR LOST LAKE","UT00184","72h",38,0.717,"homogeneous","GLO",0.969,TRUE,"auto",NA,"GEV",3.481,2.512,FALSE,239.2,103,239.2,56.9,FALSE
"WESTSIDE DETEN DK 3","CA10200","24h",43,0.653,"homogeneous","GNO",0.598,TRUE,"auto",NA,"GEV",0.653,0.055,TRUE,413.1,242.2,672.4,104.1,FALSE
"WESTSIDE DETEN DK 3","CA10200","72h",45,0.95,"homogeneous","GNO",0.302,TRUE,"auto",NA,"GEV",1.856,1.554,FALSE,718.3,430,1230.7,111.5,FALSE
"FRENCH CANYON DAM","WA00433","24h",47,0.585,"homogeneous","GEV",1.504,TRUE,"auto",NA,"GLO",2.16,0.656,FALSE,347,199.9,510.4,89.5,FALSE
"FRENCH CANYON DAM","WA00433","72h",50,0.142,"homogeneous","GLO",1.275,TRUE,"auto",NA,"GEV",2.633,1.358,FALSE,712.5,290.5,712.5,59.2,FALSE
"LAKE ALICE NO. 2","NE03277","24h",39,0.641,"homogeneous","GEV",1.176,TRUE,"auto",NA,"GNO",1.798,0.622,FALSE,166.7,99.9,248.9,89.4,FALSE
"LAKE ALICE NO. 2","NE03277","72h",39,0.747,"homogeneous","GEV",1.333,TRUE,"auto",NA,"GNO",1.611,0.278,TRUE,181.4,113.8,270.8,86.6,FALSE
"MARYS LAKE DIKE NO. 1","CO01660","24h",16,0.709,"homogeneous","GLO",0.672,TRUE,"auto",NA,"GEV",0.803,0.131,TRUE,347,128.1,347,63.1,FALSE
"MARYS LAKE DIKE NO. 1","CO01660","72h",17,1.058,"acceptably homogeneous (H1 in [1,2))","GNO",0.356,TRUE,"auto",NA,"GEV",0.464,0.108,TRUE,289.6,175.4,480.1,105.2,FALSE
"UPPER SALT CREEK STRUCTURE 2 DAM","IL50021","24h",15,0.015,"homogeneous","GNO",0.36,TRUE,"auto",NA,"PE3",0.625,0.265,TRUE,152.3,96,222.6,83.1,FALSE
"UPPER SALT CREEK STRUCTURE 2 DAM","IL50021","72h",15,-0.31,"homogeneous","PE3",0.236,TRUE,"auto",NA,"GNO",1.037,0.801,FALSE,144.1,98.9,217.8,82.5,FALSE
"LAURO","CA10164","24h",32,-0.648,"homogeneous","GNO",0.222,TRUE,"auto",NA,"GEV",1.143,0.921,FALSE,384.4,219.7,609.4,101.4,FALSE
"LAURO","CA10164","72h",34,-1.286,"homogeneous","PE3",0.354,TRUE,"auto",NA,"GNO",2.711,2.357,FALSE,506.5,345.2,994.7,128.2,FALSE
"SAND MESA NO. 2","WY01498","24h",34,0.925,"homogeneous","GEV",1.172,TRUE,"auto",NA,"GNO",1.753,0.581,FALSE,124.1,73.6,186.1,90.7,FALSE
"SAND MESA NO. 2","WY01498","72h",31,1.072,"acceptably homogeneous (H1 in [1,2))","GEV",0.58,TRUE,"auto",NA,"GNO",0.964,0.384,TRUE,149,89.7,224.9,90.7,FALSE
"UPPER SALT CREEK STRUCTURE 4 DAM","IL50054","24h",15,0.015,"homogeneous","GNO",0.36,TRUE,"auto",NA,"PE3",0.625,0.265,TRUE,152.3,96,222.6,83.1,FALSE
"UPPER SALT CREEK STRUCTURE 4 DAM","IL50054","72h",15,-0.31,"homogeneous","PE3",0.236,TRUE,"auto",NA,"GNO",1.037,0.801,FALSE,144.1,98.9,217.8,82.5,FALSE
"DEAVER","WY01379","24h",41,0.974,"homogeneous","GEV",0.084,TRUE,"auto",NA,"GNO",1.084,1,FALSE,171.9,95.6,255.1,92.8,FALSE
"DEAVER","WY01379","72h",42,0.894,"homogeneous","GEV",0.403,TRUE,"auto",NA,"GNO",0.697,0.294,TRUE,208.7,117.8,311.2,92.7,FALSE
"PUTAH DIV","CA10180","24h",45,0.608,"homogeneous","GEV",0.016,TRUE,"auto",NA,"GNO",1.06,1.044,FALSE,459.6,266.9,677.9,89.4,FALSE
"PUTAH DIV","CA10180","72h",46,-1.549,"homogeneous","GNO",0.56,TRUE,"auto",NA,"GEV",0.651,0.091,TRUE,848.7,503.3,1340.8,98.7,FALSE
"SUMMER FALLS HYDRO POWER PLANT","WA01374","24h",42,0.817,"homogeneous","GEV",0.192,TRUE,"auto",NA,"GNO",1.159,0.967,FALSE,211.1,124.3,309,87.5,FALSE
"SUMMER FALLS HYDRO POWER PLANT","WA01374","72h",44,0.597,"homogeneous","GEV",2.024,FALSE,"auto",NA,"GLO",2.153,0.129,TRUE,301.7,184.4,443.3,85.8,TRUE
"GRANITE REEF DIVERSION","AZ10316","24h",48,0.513,"homogeneous","GLO",1.932,FALSE,"auto",NA,"GEV",2.737,0.805,TRUE,291.9,118.5,291.9,59.4,TRUE
"GRANITE REEF DIVERSION","AZ10316","72h",48,0.674,"homogeneous","GEV",0.689,TRUE,"auto",NA,"GNO",1.764,1.075,FALSE,326.4,184.8,484.9,91.9,FALSE
"FRENCH CANYON","WA82901","24h",47,0.587,"homogeneous","GEV",1.515,TRUE,"auto",NA,"GLO",2.168,0.653,FALSE,347,199.9,510.4,89.5,FALSE
"FRENCH CANYON","WA82901","72h",50,0.149,"homogeneous","GLO",1.261,TRUE,"auto",NA,"GEV",2.646,1.385,FALSE,712.5,290.5,712.5,59.2,FALSE
"GLEN ANNE","CA10156","24h",29,-0.398,"homogeneous","GNO",0.293,TRUE,"auto",NA,"GEV",1.164,0.871,FALSE,384,219.6,610.3,101.7,FALSE
"GLEN ANNE","CA10156","72h",31,-0.895,"homogeneous","PE3",0.517,TRUE,"auto",NA,"GNO",2.725,2.208,FALSE,497.8,338.6,974.4,127.7,FALSE
"WEST SIDE DETENTION DIKE NO. 2","CA10199","24h",43,0.647,"homogeneous","GNO",0.606,TRUE,"auto",NA,"GEV",0.655,0.049,TRUE,413.1,242.2,672.4,104.1,FALSE
"WEST SIDE DETENTION DIKE NO. 2","CA10199","72h",45,0.921,"homogeneous","GNO",0.288,TRUE,"auto",NA,"GEV",1.832,1.544,FALSE,718.3,430,1230.7,111.5,FALSE
"MIDDLE COTTONWOOD","WY01288","24h",36,0.845,"homogeneous","GEV",1.331,TRUE,"auto",NA,"GNO",1.942,0.611,FALSE,124.8,74.2,186.9,90.4,FALSE
"MIDDLE COTTONWOOD","WY01288","72h",31,0.804,"homogeneous","GEV",0.463,TRUE,"auto",NA,"GNO",0.825,0.362,TRUE,149.1,90.3,224.7,90.1,FALSE
"ANITA","MT00567","24h",42,-1.189,"homogeneous","GNO",0.678,TRUE,"auto",NA,"GEV",0.73,0.052,TRUE,180.1,106.8,287.8,100.5,FALSE
"ANITA","MT00567","72h",42,-1.174,"homogeneous","GEV",0.475,TRUE,"auto",NA,"GNO",0.757,0.282,TRUE,229.7,128.7,342.1,92.9,FALSE
"WETLANDS NO. 6","WY02102","24h",43,0.653,"homogeneous","GEV",0.379,TRUE,"auto",NA,"GNO",1.608,1.229,FALSE,172.1,95.5,255.6,93,FALSE
"WETLANDS NO. 6","WY02102","72h",44,-0.503,"homogeneous","GNO",0.484,TRUE,"auto",NA,"GEV",0.527,0.043,TRUE,193.6,113.7,298.5,95.5,FALSE
"PERCHA DIVERSION","NM00009","24h",39,-0.227,"homogeneous","GEV",0.127,TRUE,"auto",NA,"GNO",0.593,0.466,TRUE,155.3,91,232.5,91.1,FALSE
"PERCHA DIVERSION","NM00009","72h",36,0.609,"homogeneous","GEV",0.818,TRUE,"auto",NA,"GNO",1.125,0.307,TRUE,170.1,105,255.3,88.4,FALSE
"MALONE DIVERSION DAM","OR00587","24h",44,0.514,"homogeneous","GLO",1.218,TRUE,"auto",NA,"GEV",2.25,1.032,FALSE,257.7,100.7,257.7,60.9,FALSE
"MALONE DIVERSION DAM","OR00587","72h",42,1.034,"acceptably homogeneous (H1 in [1,2))","GLO",0.987,TRUE,"auto",NA,"GEV",2.319,1.332,FALSE,409.3,158,409.3,61.4,FALSE
"UPPER WHEELER SADDLE DAM","WA00629","24h",49,0.613,"homogeneous","GEV",1.028,TRUE,"auto",NA,"GNO",2.022,0.994,FALSE,338.1,194.4,497,89.5,FALSE
"UPPER WHEELER SADDLE DAM","WA00629","72h",50,0.343,"homogeneous","GEV",2.024,FALSE,"auto",NA,"GLO",2.268,0.244,TRUE,461,280.2,678.9,86.5,TRUE
"ANDERSON-ROSE DIV.","OR00585","24h",48,0.479,"homogeneous","GLO",1.528,TRUE,"auto",NA,"GEV",2.229,0.701,FALSE,292.9,115.2,292.9,60.7,FALSE
"ANDERSON-ROSE DIV.","OR00585","72h",43,0.701,"homogeneous","GLO",1.491,TRUE,"auto",NA,"GEV",2.193,0.702,FALSE,444.3,177.2,444.3,60.1,FALSE
"WB5 WASTEWAY DETENTION DAM","WA00553","24h",43,0.841,"homogeneous","GEV",1.702,FALSE,"auto",NA,"GLO",2.013,0.311,TRUE,163.8,95.9,239.2,87.5,TRUE
"WB5 WASTEWAY DETENTION DAM","WA00553","72h",41,0.793,"homogeneous","GLO",1.832,FALSE,"auto",NA,"GEV",2.324,0.492,TRUE,284.9,121.9,284.9,57.2,TRUE
"WIND RIVER DIVERSION","WY01383","24h",34,1.007,"acceptably homogeneous (H1 in [1,2))","GEV",1.215,TRUE,"auto",NA,"GNO",1.732,0.517,FALSE,118.1,70.6,176.8,89.9,FALSE
"WIND RIVER DIVERSION","WY01383","72h",36,0.854,"homogeneous","GLO",1.527,TRUE,"auto",NA,"GEV",2.093,0.566,FALSE,243.6,95.2,243.6,60.9,FALSE
"KEENE CREEK DIVERSION","OR00031","24h",45,0.594,"homogeneous","GEV",0.967,TRUE,"auto",NA,"GNO",1.829,0.862,FALSE,228.3,133.7,337.3,89.2,FALSE
"KEENE CREEK DIVERSION","OR00031","72h",38,0.623,"homogeneous","GEV",0.898,TRUE,"auto",NA,"GNO",1.297,0.399,TRUE,314.4,194.8,466.6,86.4,FALSE
"PROSSER DIVERSION","WA01378","24h",47,0.586,"homogeneous","GLO",1.438,TRUE,"auto",NA,"GEV",2.004,0.566,FALSE,344.6,133.1,344.6,61.4,FALSE
"PROSSER DIVERSION","WA01378","72h",44,0.925,"homogeneous","GLO",1.425,TRUE,"auto",NA,"GEV",2.396,0.971,FALSE,436.8,178.3,436.8,59.2,FALSE
"PETERSON AREA-OCEAN LAKE HABITAT UNIT","WY02121","24h",31,0.649,"homogeneous","GEV",1.555,TRUE,"auto",NA,"GNO",2.067,0.512,FALSE,122.9,73.3,184.3,90.3,FALSE
"PETERSON AREA-OCEAN LAKE HABITAT UNIT","WY02121","72h",30,0.783,"homogeneous","GEV",1.045,TRUE,"auto",NA,"GNO",1.453,0.408,TRUE,150.6,90.9,226.8,90.2,FALSE
"MARTINEZ","CA10168","24h",25,0.712,"homogeneous","GEV",0.557,TRUE,"auto",NA,"GNO",1.32,0.763,FALSE,403.6,235,595,89.2,FALSE
"MARTINEZ","CA10168","72h",24,0.168,"homogeneous","GEV",0.247,TRUE,"auto",NA,"GNO",1.123,0.876,FALSE,761.1,425.4,1128.2,92.3,FALSE
"PEC 22.7 HYDRO POWER PLANT","WA00244","24h",40,0.761,"homogeneous","GEV",1.78,FALSE,"auto",NA,"GLO",2.148,0.368,TRUE,160.4,94.8,234.4,87.1,TRUE
"PEC 22.7 HYDRO POWER PLANT","WA00244","72h",42,0.885,"homogeneous","GLO",2.216,FALSE,"auto",NA,"GEV",2.262,0.046,TRUE,260.9,114.1,260.9,56.3,TRUE
"THREE MILES FALLS (DIV.)","OR00588","24h",44,0.782,"homogeneous","GLO",1.686,FALSE,"auto",NA,"GEV",1.725,0.039,TRUE,224.4,88.1,224.3,60.7,TRUE
"THREE MILES FALLS (DIV.)","OR00588","72h",43,0.477,"homogeneous","GEV",1.675,FALSE,"auto",NA,"GLO",2.221,0.546,TRUE,184.5,110.9,269.3,85.9,TRUE
"BARRETTS DIVERSION","MT82919","24h",45,0.873,"homogeneous","GLO",2.35,FALSE,"auto",NA,"GEV",2.738,0.388,TRUE,151.1,63.5,151.1,58,TRUE
"BARRETTS DIVERSION","MT82919","72h",42,0.839,"homogeneous","GNO",2.544,FALSE,"auto",NA,"GEV",2.705,0.161,TRUE,119.5,76,163.5,73.2,TRUE
"CHERRY LAKE WDA-3 DIKE 3","ND00577","24h",35,-0.968,"homogeneous","GEV",0.158,TRUE,"auto",NA,"GNO",0.962,0.804,FALSE,201.7,117.7,299.6,90.2,FALSE
"CHERRY LAKE WDA-3 DIKE 3","ND00577","72h",35,0.231,"homogeneous","GEV",0.892,TRUE,"auto",NA,"GNO",1.611,0.719,FALSE,229.6,135.7,340.7,89.3,FALSE
"MIDDLEMIST","CO02317","24h",31,-0.673,"homogeneous","GLO",1.347,TRUE,"auto",NA,"GEV",1.685,0.338,TRUE,298.7,115.3,298.7,61.4,FALSE
"MIDDLEMIST","CO02317","72h",31,-0.569,"homogeneous","GLO",1.703,FALSE,"auto",NA,"GEV",1.743,0.04,TRUE,311.5,125.5,311.5,59.7,TRUE
"BRICK FLAT PIT CONTAINMENT","CA01397","24h",42,0.612,"homogeneous","GLO",1.669,FALSE,"auto",NA,"GEV",2.709,1.04,TRUE,373.5,158.1,373.5,57.7,TRUE
"BRICK FLAT PIT CONTAINMENT","CA01397","72h",40,0.681,"homogeneous","GEV",1.89,FALSE,"auto",NA,"GNO",2.307,0.417,TRUE,452.1,278.6,673.8,87.4,TRUE
"PIPESTONE WILD DEV POND 1","ND00442","24h",15,0.49,"homogeneous","GNO",0.21,TRUE,"auto",NA,"GEV",0.817,0.607,FALSE,207.4,123.8,316.5,92.9,FALSE
"PIPESTONE WILD DEV POND 1","ND00442","72h",14,-0.273,"homogeneous","GEV",0.879,TRUE,"auto",NA,"GNO",1.33,0.451,TRUE,226.2,135.7,336,88.6,FALSE
"UPPER COTTONWOOD","WY01301","24h",33,1.066,"acceptably homogeneous (H1 in [1,2))","GEV",1.153,TRUE,"auto",NA,"GNO",1.651,0.498,TRUE,117.8,71,176.3,89.4,FALSE
"UPPER COTTONWOOD","WY01301","72h",30,1.022,"acceptably homogeneous (H1 in [1,2))","GEV",0.544,TRUE,"auto",NA,"GNO",0.983,0.439,TRUE,153.1,92,230.5,90.5,FALSE
"LEASBURG DIVERSION","NM00007","24h",41,0.453,"homogeneous","GNO",0.186,TRUE,"auto",NA,"GEV",0.742,0.556,FALSE,159.1,93.2,246.3,96.2,FALSE
"LEASBURG DIVERSION","NM00007","72h",39,0.577,"homogeneous","GEV",0.572,TRUE,"auto",NA,"GNO",1.257,0.685,FALSE,193.2,111.4,290.8,92.9,FALSE
"PEC 1973 POWER PLANT","WA00482","24h",46,1.064,"acceptably homogeneous (H1 in [1,2))","GLO",1.706,FALSE,"auto",NA,"GEV",2.199,0.493,TRUE,211.2,84.5,211.2,60,TRUE
"PEC 1973 POWER PLANT","WA00482","72h",46,0.813,"homogeneous","GEV",2.045,FALSE,"auto",NA,"GNO",2.719,0.674,TRUE,158.7,99.6,231.2,82.9,TRUE
"INDIAN HILLS WDA S.1130.4","ND00438","24h",20,0.366,"homogeneous","GEV",0.336,TRUE,"auto",NA,"GNO",0.348,0.012,TRUE,210.3,121.6,312.6,90.8,FALSE
"INDIAN HILLS WDA S.1130.4","ND00438","72h",20,-0.03,"homogeneous","GEV",1.418,TRUE,"auto",NA,"GLO",1.756,0.338,TRUE,222.5,133.9,331,88.6,FALSE
"TERMINAL","CA10195","24h",31,0.316,"homogeneous","GEV",0.131,TRUE,"auto",NA,"GNO",1.047,0.916,FALSE,447.1,257.9,658.5,89.6,FALSE
"TERMINAL","CA10195","72h",30,-0.43,"homogeneous","GEV",0.099,TRUE,"auto",NA,"GNO",1.111,1.012,FALSE,862.4,476.9,1275.3,92.6,FALSE
"RAINBOW DIVERSION","CA10359","24h",41,0.081,"homogeneous","GEV",0.542,TRUE,"auto",NA,"GNO",1.242,0.7,FALSE,381.6,233.8,562.7,86.2,FALSE
"RAINBOW DIVERSION","CA10359","72h",39,0.519,"homogeneous","GEV",0.117,TRUE,"auto",NA,"GNO",1.078,0.961,FALSE,834.2,474.4,1237,91.4,FALSE
"SAINT MARYS DIVERSION DAM","MT82932","24h",32,0.675,"homogeneous","GLO",1.489,TRUE,"auto",NA,"GEV",1.933,0.444,TRUE,300.9,116.8,300.9,61.2,FALSE
"SAINT MARYS DIVERSION DAM","MT82932","72h",28,1.422,"acceptably homogeneous (H1 in [1,2))","GEV",0.013,TRUE,"auto",NA,"GNO",0.812,0.799,FALSE,311.7,176.4,463.4,92.1,FALSE
"AMERICAN DIVERSION","NM82924","24h",35,0.747,"homogeneous","GNO",0.51,TRUE,"auto",NA,"PE3",1.22,0.71,FALSE,158.9,92.8,245.8,96.3,FALSE
"AMERICAN DIVERSION","NM82924","72h",35,0.739,"homogeneous","GEV",0.144,TRUE,"auto",NA,"GNO",1.069,0.925,FALSE,231.5,126.4,346.2,94.9,FALSE
"ROZA DIVERSION DAM","WA00275","24h",48,0.652,"homogeneous","GEV",1.27,TRUE,"auto",NA,"GNO",2.313,1.043,FALSE,345.7,197.6,507.9,89.7,FALSE
"ROZA DIVERSION DAM","WA00275","72h",49,0.094,"homogeneous","GLO",1.386,TRUE,"auto",NA,"GEV",2.723,1.337,FALSE,708.5,288.1,708.5,59.3,FALSE
"LITTLE HELL CREEK DIVERSION","CO82913","24h",17,0.84,"homogeneous","GEV",0.611,TRUE,"auto",NA,"GLO",1.015,0.404,TRUE,230.8,125,337,91.9,FALSE
"LITTLE HELL CREEK DIVERSION","CO82913","72h",17,0.507,"homogeneous","GEV",0.21,TRUE,"auto",NA,"GNO",0.523,0.313,TRUE,333,177.7,486.9,92.9,FALSE
"GRAND PRAIRIE IRRIGATION POND DAM","TX06567","24h",15,0.015,"homogeneous","GNO",0.36,TRUE,"auto",NA,"PE3",0.625,0.265,TRUE,152.3,96,222.6,83.1,FALSE
"GRAND PRAIRIE IRRIGATION POND DAM","TX06567","72h",15,-0.31,"homogeneous","PE3",0.236,TRUE,"auto",NA,"GNO",1.037,0.801,FALSE,144.1,98.9,217.8,82.5,FALSE
"POTTERS POND NO 1 (EAST)","UT10144","24h",38,0.582,"homogeneous","GLO",0.545,TRUE,"auto",NA,"GEV",2.648,2.103,FALSE,194.1,75.9,194.1,60.9,FALSE
"POTTERS POND NO 1 (EAST)","UT10144","72h",40,0.769,"homogeneous","GLO",1.02,TRUE,"auto",NA,"GEV",2.502,1.482,FALSE,252.4,99,252.4,60.8,FALSE
"INDIAN HILLS WDA S.850.4","ND00546","24h",20,0.366,"homogeneous","GEV",0.336,TRUE,"auto",NA,"GNO",0.348,0.012,TRUE,210.3,121.6,312.6,90.8,FALSE
"INDIAN HILLS WDA S.850.4","ND00546","72h",20,-0.03,"homogeneous","GEV",1.418,TRUE,"auto",NA,"GLO",1.756,0.338,TRUE,222.5,133.9,331,88.6,FALSE
"CHERRY LAKE WDA-2 DIKE 2","ND00576","24h",35,-0.979,"homogeneous","GEV",0.162,TRUE,"auto",NA,"GNO",0.967,0.805,FALSE,201.7,117.7,299.6,90.2,FALSE
"CHERRY LAKE WDA-2 DIKE 2","ND00576","72h",35,0.227,"homogeneous","GEV",0.897,TRUE,"auto",NA,"GNO",1.618,0.721,FALSE,229.6,135.7,340.7,89.3,FALSE
"KOENIG WILD DEV. AREA #023","ND00477","24h",32,-0.642,"homogeneous","GNO",0.382,TRUE,"auto",NA,"GEV",0.518,0.136,TRUE,200.9,119.9,306.9,93.1,FALSE
"KOENIG WILD DEV. AREA #023","ND00477","72h",32,0.577,"homogeneous","GEV",1.071,TRUE,"auto",NA,"GNO",1.817,0.746,FALSE,229.1,135.7,340,89.2,FALSE
"MESILLA DIVERSION","NM00008","24h",38,0.875,"homogeneous","GNO",0.899,TRUE,"auto",NA,"PE3",0.938,0.039,TRUE,157,91.8,241.5,95.3,FALSE
"MESILLA DIVERSION","NM00008","72h",37,0.722,"homogeneous","GEV",0.938,TRUE,"auto",NA,"GNO",1.809,0.871,FALSE,213.8,119.4,320.7,94.2,FALSE
"ORTEGA","CA10176","24h",38,0.138,"homogeneous","GNO",0.105,TRUE,"auto",NA,"GEV",1.092,0.987,FALSE,363.1,208.3,577,101.5,FALSE
"ORTEGA","CA10176","72h",37,-1.403,"homogeneous","PE3",0.017,TRUE,"auto",NA,"GNO",2.45,2.433,FALSE,503.8,345.3,994.9,129,FALSE
"KOENIG WILD DEV. AREA #008","ND00476","24h",32,-0.635,"homogeneous","GNO",0.382,TRUE,"auto",NA,"GEV",0.522,0.14,TRUE,200.9,119.9,306.9,93.1,FALSE
"KOENIG WILD DEV. AREA #008","ND00476","72h",32,0.582,"homogeneous","GEV",1.074,TRUE,"auto",NA,"GNO",1.824,0.75,FALSE,229.1,135.7,340,89.2,FALSE
"EBC 4.6 HYDRO POWER PLANT","WA00458","24h",44,1,"acceptably homogeneous (H1 in [1,2))","GLO",1.403,TRUE,"auto",NA,"GEV",2.341,0.938,FALSE,220.2,87.4,220.2,60.3,FALSE
"EBC 4.6 HYDRO POWER PLANT","WA00458","72h",46,0.933,"homogeneous","GEV",2.075,FALSE,"auto",NA,"GLO",2.58,0.505,TRUE,166.8,103.2,243.3,84,TRUE
"CARPINTERIA","CA10138","24h",41,-0.096,"homogeneous","GNO",0.234,TRUE,"auto",NA,"GEV",1.262,1.028,FALSE,373.1,213.9,593.2,101.6,FALSE
"CARPINTERIA","CA10138","72h",43,-1.276,"homogeneous","PE3",0.321,TRUE,"auto",NA,"GNO",2.35,2.029,FALSE,514.5,355.9,1027.7,130.6,FALSE
"ANOLA","CA00732","24h",46,-0.326,"homogeneous","GNO",0.151,TRUE,"auto",NA,"GEV",1.271,1.12,FALSE,377.3,216.9,603,102.3,FALSE
"ANOLA","CA00732","72h",47,-1.437,"homogeneous","PE3",0.129,TRUE,"auto",NA,"GNO",2.491,2.362,FALSE,506.3,350.7,1012.1,130.6,FALSE
